Crop_Type,Region,State,Rainfall_mm,Temp,Humidity,Fertilizer,Soil_pH,Soil_Moisture,Sunlight,Estimated_Yield_kg_ha
Rice,South,Tamil Nadu,832.4178538,28.91704142,77.29537708,157.6151493,6.388292331,57.53172609,9.515842563,4235.115209
Rice,South,Tamil Nadu,808.2631404,29.32553603,75.07316461,147.6713512,6.412098114,54.17343951,8.855016433,4035.656871
Rice,South,Tamil Nadu,794.679222,29.1885484,74.18395185,142.9384815,6.473282438,57.5484474,9.213505641,3906.287772
Rice,South,Tamil Nadu,806.3904319,29.06655355,73.69801285,151.8784901,6.369968066,57.4166125,9.079658678,4397.841728
Rice,South,Tamil Nadu,819.6625694,28.36537344,77.64508982,143.8957818,6.41044318,54.08065975,8.93436279,4149.529185
Rice,South,Tamil Nadu,838.4616645,29.10282097,75.76870344,148.4944815,6.3260739,56.56031158,9.107872246,4278.568334
Rice,South,Tamil Nadu,828.5904572,27.94217591,76.64816794,148.0745886,6.3661539,59.22335258,9.406199904,4259.692018
Rice,South,Tamil Nadu,799.0195619,28.81447257,76.66252686,154.8777256,6.376041288,57.62868205,8.978733005,3940.569006
Rice,South,Tamil Nadu,840.3131456,29.81374402,75.85597976,155.0176645,6.418081801,56.70976049,9.272279121,4350.705485
Rice,South,Tamil Nadu,819.104349,29.93878619,70.76050979,154.1095125,6.404352353,57.4019853,9.218352155,3821.864663
Rice,South,Tamil Nadu,814.5082028,29.21426754,78.95578809,147.4086489,6.35957532,56.99648591,9.383080424,4169.312666
Rice,South,Tamil Nadu,806.7559949,29.30796046,76.1941551,154.843225,6.364897345,57.34467571,9.121578369,3900.472758
Rice,South,Tamil Nadu,827.4030069,29.15663316,76.01022691,148.8270643,6.329231463,57.15870935,9.131457097,3999.65841
Rice,South,Tamil Nadu,815.9678572,29.24243051,79.7723718,150.8728891,6.41287752,57.85110817,8.816245757,4116.022919
Rice,South,Tamil Nadu,821.5057552,30.47794527,75.61527807,151.5077367,6.398264412,55.66264392,9.428564563,4232.789955
Rice,South,Tamil Nadu,839.7757987,28.45436753,78.80558862,142.9907447,6.429342855,62.38091125,9.001892735,4035.055341
Rice,South,Tamil Nadu,822.4912841,28.69791461,72.89867314,150.3428149,6.346884814,58.94718486,9.016115153,4352.490161
Rice,South,Tamil Nadu,800.4186677,28.80676309,77.62703443,143.8456784,6.411372997,60.61428551,8.878503353,4147.695079
Rice,South,Tamil Nadu,826.4970699,29.46909372,73.52609858,143.3977169,6.426097078,58.59396935,9.25009857,4171.967231
Rice,South,Tamil Nadu,802.999382,29.13935222,76.58614495,146.4282429,6.493288726,58.94766584,8.961739301,4218.483041
Rice,South,Tamil Nadu,795.6329582,29.47225076,78.31719116,145.8965884,6.448168806,58.82556185,9.364412032,4404.518947
Rice,South,Tamil Nadu,813.8652971,28.5477583,74.22097114,145.9209486,6.396144915,58.68230395,9.25533816,4244.077487
Rice,South,Tamil Nadu,820.3250473,29.87212045,75.47068633,163.6008458,6.431283367,56.28568489,8.9858215,4192.370862
Rice,South,Tamil Nadu,814.4134304,29.4284003,76.94647525,149.6358554,6.357660314,54.97030555,9.11069701,4248.459819
Rice,South,Tamil Nadu,825.3523436,28.25255673,76.34636185,151.9265869,6.355807128,58.30745021,9.211641744,3948.554455
Rice,South,Tamil Nadu,828.944684,29.33647072,78.16610249,155.2690103,6.331116532,56.12434992,9.303007053,4197.067893
Rice,South,Tamil Nadu,832.8761922,31.31163889,77.14178102,155.6778282,6.447700088,59.3027825,9.136946151,4233.845383
Rice,South,Tamil Nadu,800.6793696,28.85790884,75.0292729,150.4093707,6.515732928,54.26546961,9.337252038,3878.092619
Rice,South,Tamil Nadu,808.2017034,29.65337036,76.12856004,144.6112761,6.364234815,59.3591955,9.053926674,4152.468788
Rice,South,Tamil Nadu,821.139296,28.60903979,80.28788818,153.1695951,6.298742871,58.37290863,9.067642707,4247.865
Rice,South,Tamil Nadu,800.1869815,28.93115814,77.00997456,154.328776,6.33998518,57.33099753,9.105010938,4022.000615
Rice,South,Tamil Nadu,864.136356,29.24298903,73.47823209,154.5893097,6.50610781,60.06493052,8.896126007,4047.364889
Rice,South,Tamil Nadu,851.6727787,28.57539832,76.88763886,153.8731703,6.353653476,57.88094929,8.551746532,3966.341854
Rice,South,Tamil Nadu,813.6857962,28.25133009,79.26482261,142.8492931,6.377997776,58.26148115,9.488254658,3904.620677
Rice,South,Tamil Nadu,849.0790938,29.00613984,74.0369827,152.3105174,6.409952985,56.79956625,9.213960417,4062.20296
Rice,South,Tamil Nadu,822.8379336,29.3972784,79.17203363,143.8109225,6.506651669,54.0958244,9.169642981,4208.247581
Rice,South,Tamil Nadu,827.0247967,28.62638029,75.5837555,147.5349953,6.370531762,59.69920419,9.271403097,4016.063561
Rice,South,Tamil Nadu,842.4899969,29.18437971,77.62572424,153.1481442,6.358550249,56.87963792,9.349458721,4211.55554
Rice,South,Tamil Nadu,819.4774602,29.07039643,78.55532979,147.0421431,6.427354869,57.5956147,9.156463759,4284.816528
Rice,South,Tamil Nadu,840.6354087,29.48810578,78.61095761,150.1050192,6.434097649,57.37946649,9.26483327,4100.478542
Rice,South,Tamil Nadu,822.4248991,29.35709422,74.36355863,160.4619364,6.349699131,55.57162277,9.431622175,4238.749404
Rice,South,Tamil Nadu,835.6029954,29.37700731,75.97550645,145.5137281,6.403790228,56.64567658,9.395023947,4097.941393
Rice,South,Tamil Nadu,799.3625701,28.8071685,76.82586291,147.1813772,6.35888898,58.48737442,9.248993314,4043.958524
Rice,South,Tamil Nadu,808.2240424,29.13922996,73.10383132,142.9626811,6.364077789,57.5731057,9.262181513,4341.303433
Rice,South,Tamil Nadu,841.4414906,28.90403688,75.96196758,144.9873532,6.399074343,57.42268272,9.264543712,3995.915358
Rice,South,Tamil Nadu,832.9836629,29.91964335,75.7824797,152.0085586,6.4345072,57.19755906,9.244818496,4121.88886
Rice,South,Tamil Nadu,822.4419025,28.53619413,76.04902035,152.4899915,6.47255718,59.91854165,9.630636492,4004.897866
Rice,South,Tamil Nadu,841.8080159,29.1100052,80.37960587,145.9585086,6.358013908,56.80121471,8.775220855,4041.136747
Rice,South,Tamil Nadu,801.0216835,29.09023627,76.68351195,159.3808542,6.447521192,56.84619269,9.020317066,4193.787876
Rice,South,Tamil Nadu,786.9941698,30.09887526,78.35888024,147.6541217,6.314343274,60.70774475,9.177092031,4305.672447
Rice,South,Tamil Nadu,780.1393085,28.64037499,76.0104874,150.234903,6.377496726,59.24569986,8.986475914,4098.643077
Rice,South,Tamil Nadu,823.0073908,29.3086633,77.42322976,144.3767895,6.323294291,60.55535364,9.266462802,4007.72702
Rice,South,Tamil Nadu,858.7787994,29.06940478,78.35859437,150.3375924,6.503037396,61.51068168,9.15020717,4265.735643
Rice,South,Tamil Nadu,836.1343987,29.82117893,74.07015308,153.4302573,6.452921224,54.48252103,8.963348297,3814.115173
Rice,South,Tamil Nadu,813.2648291,29.43052535,79.0047141,150.3704739,6.481430777,55.23979708,8.859323512,4111.667845
Rice,South,Tamil Nadu,829.6016362,28.98038315,71.8651158,149.5543998,6.334776525,59.3393451,9.273319649,3979.018032
Rice,South,Tamil Nadu,807.1533271,28.36447189,75.87464181,154.7757116,6.350713698,59.00809303,9.093948476,4001.069075
Rice,South,Tamil Nadu,817.324241,28.37885461,74.89270139,144.0106105,6.498236257,58.0705271,9.060054898,4152.096987
Rice,South,Tamil Nadu,817.1917988,28.86741824,77.2283334,153.7875386,6.373474943,56.84836352,9.144989661,3774.711825
Rice,South,Tamil Nadu,782.1202234,29.82012456,79.28993543,148.7548198,6.428827848,58.62250031,9.815776162,4287.936237
Rice,South,Tamil Nadu,816.8020602,28.42667574,72.78710736,151.0173182,6.362182463,55.15549258,9.070685423,3957.767799
Rice,South,Tamil Nadu,862.1785409,29.52898385,75.98405472,157.3997207,6.403868415,56.2774316,9.504624815,4200.836507
Rice,South,Tamil Nadu,794.0688461,28.88579679,74.24876349,143.0860013,6.446308877,61.81883328,8.920286485,4204.445386
Rice,South,Tamil Nadu,803.7339358,28.70772477,74.81521215,145.6800462,6.402426081,56.33809977,9.254091365,4112.464284
Rice,South,Tamil Nadu,814.0262988,28.4554618,74.84645734,153.7769561,6.425045859,56.04488951,9.219866461,4232.708069
Rice,South,Tamil Nadu,778.264868,29.32601612,74.67475248,152.8529933,6.361837042,54.3902358,8.874491512,4127.212742
Rice,South,Tamil Nadu,826.4930625,28.45741002,77.27718492,141.6923997,6.39669601,55.5779676,9.069632778,4127.109801
Rice,South,Tamil Nadu,798.4896659,28.76926667,78.01258562,147.1155407,6.441784606,55.74058629,9.305960836,4336.235293
Rice,South,Tamil Nadu,758.2088875,28.52186285,77.15414425,148.9847731,6.418557294,56.79202963,9.217317957,4096.648415
Rice,South,Tamil Nadu,849.1945515,29.15265251,76.67520532,147.9406152,6.375619689,57.13488362,9.278890428,4056.852328
Rice,South,Tamil Nadu,827.2443714,30.24524048,77.74224941,148.3698823,6.460060696,57.18384925,8.792375093,3968.787053
Rice,South,Tamil Nadu,773.230202,28.78909191,76.03683676,158.3821866,6.416346369,57.56179894,9.365881116,3788.329704
Rice,South,Tamil Nadu,825.890364,29.46251912,73.04282751,155.7187702,6.41692482,57.16942417,9.326556373,4460.603929
Rice,South,Tamil Nadu,824.5466564,29.14893235,75.0812782,145.7507782,6.441516791,56.28783235,9.214313247,4048.351383
Rice,South,Tamil Nadu,831.9744956,29.20019726,78.07507989,147.449918,6.386506253,56.04247257,9.111141348,4176.595074
Rice,South,Tamil Nadu,838.9247154,28.44670081,77.73921184,156.7781893,6.420671745,61.75359163,9.04524216,3933.301795
Rice,South,Tamil Nadu,775.5319938,29.89762659,77.30873131,149.7220766,6.413998431,55.74902191,9.689150396,4139.383177
Rice,South,Tamil Nadu,822.7348699,29.43545997,76.96201846,151.1194201,6.360476277,58.94293671,9.576404899,4321.813007
Rice,South,Tamil Nadu,859.8296657,28.69327059,74.02079036,149.3710654,6.402786246,60.18838304,8.861507074,4349.432548
Rice,South,Tamil Nadu,816.0498025,28.74387136,73.97579125,141.7257166,6.441158529,58.14663593,8.94200782,3925.738184
Rice,South,Tamil Nadu,811.6053825,30.00141292,75.4808173,142.4842852,6.387712847,57.45455286,8.660622671,4111.85577
Rice,South,Tamil Nadu,814.2266367,29.41772382,79.69791219,155.6328251,6.386555565,55.78694818,9.714671961,4128.882765
Rice,South,Tamil Nadu,820.3482323,28.98552495,76.39616952,149.2781979,6.3713169,56.90628212,9.193449346,4038.486284
Rice,South,Tamil Nadu,802.1788554,29.06385814,75.49004557,157.5199649,6.26745151,60.1830137,9.449217038,3808.991465
Rice,South,Tamil Nadu,811.4328101,28.77713548,73.18497661,146.1109166,6.344471208,61.50454089,9.387135679,4310.733264
Rice,South,Tamil Nadu,838.0418016,28.32256894,74.95095947,152.4468728,6.33889361,59.42599686,9.15193492,4063.776879
Rice,South,Tamil Nadu,837.7739992,29.26655799,75.27806767,155.796649,6.345946834,59.23187121,9.318620252,4073.568034
Rice,South,Tamil Nadu,828.1533256,28.24933185,77.84805404,149.0754893,6.373863849,60.09801845,9.059131262,3908.730806
Rice,South,Tamil Nadu,781.0842707,29.36360597,73.4391413,158.7739709,6.29590353,61.39291274,9.242203493,4105.493033
Rice,South,Tamil Nadu,806.3770228,29.23948167,75.9247306,155.5165094,6.405711382,58.30060352,9.127277558,4111.458156
Rice,South,Tamil Nadu,827.6950442,27.97389896,73.30362916,153.7163205,6.408543272,57.63203333,9.203686787,4172.137256
Rice,South,Tamil Nadu,806.506008,28.53301716,76.39169051,145.1081361,6.420412638,54.59483279,9.405831127,4190.889622
Rice,South,Tamil Nadu,826.4007434,29.58961459,79.33094889,155.0718503,6.307956288,55.44084607,9.075036284,4123.913658
Rice,South,Tamil Nadu,832.9414755,28.56455371,76.37353353,146.2230853,6.36942411,55.18667781,9.015353351,3917.247309
Rice,South,Tamil Nadu,795.6031687,29.63218508,74.10120222,163.1619103,6.424665895,58.36967225,9.028328444,4225.046482
Rice,South,Tamil Nadu,805.6090543,29.07320589,81.12016908,149.5197005,6.457463666,56.59364715,9.193002302,4385.620095
Rice,South,Tamil Nadu,804.3258236,30.08746913,77.41550387,147.1876661,6.431620387,59.9451089,9.324361992,3884.466292
Rice,South,Tamil Nadu,801.8215706,28.85148882,75.85113314,153.1033605,6.40888505,55.32931128,9.27603957,4211.587862
Rice,South,Tamil Nadu,833.9947612,29.64846844,77.66784431,152.2959004,6.396491714,54.67807813,9.285923644,4151.153153
Rice,South,Tamil Nadu,826.7894709,28.23395085,73.83788692,155.2657643,6.398022242,59.36300139,9.205663675,4124.463421
Rice,North,Punjab,633.4570951,23.69037316,62.19224155,127.6886236,6.678275189,42.38165575,8.144426754,3028.187707
Rice,North,Punjab,641.3939031,23.46323562,61.62625671,127.8013447,6.772348894,43.39310955,8.306368908,2877.165944
Rice,North,Punjab,616.6762566,24.53377848,62.16456798,135.3274019,6.674135577,45.81869488,8.559779625,3045.574216
Rice,North,Punjab,598.862437,24.87203069,65.15914429,127.3856999,6.678990659,42.43643078,7.831109898,2962.202208
Rice,North,Punjab,584.8964808,23.53932146,61.93063023,131.1710737,6.777525025,41.00329192,8.29686448,3067.901673
Rice,North,Punjab,608.7634073,24.4048917,59.75455596,131.9120487,6.70832261,43.98490253,8.157833729,3468.295021
Rice,North,Punjab,594.0565004,23.68140183,60.75371895,127.2226144,6.668130644,45.37803306,8.38410085,3014.388056
Rice,North,Punjab,589.1911107,24.28284933,60.89555391,133.1646591,6.710146151,39.96851177,8.40950104,3369.381651
Rice,North,Punjab,594.6802827,23.76737906,62.57173078,131.6722839,6.732927214,47.02040908,8.064610555,2980.255413
Rice,North,Punjab,575.5170193,23.56144198,61.93374605,138.9727893,6.674119435,43.4475759,8.096715421,3278.258991
Rice,North,Punjab,673.1733106,23.68147874,61.02112111,135.2208044,6.734094574,46.69341465,8.216785637,3046.106186
Rice,North,Punjab,624.7663708,24.66522215,63.64096436,132.5363702,6.753333734,45.33859118,8.376431798,3197.306483
Rice,North,Punjab,605.822048,24.08802821,64.41301793,125.9153216,6.718433665,42.21332238,8.105748965,3291.767779
Rice,North,Punjab,614.7774767,24.02786193,59.28028772,133.7312678,6.732274209,47.32650945,8.038444353,3132.872549
Rice,North,Punjab,616.2345921,24.94647197,61.80940894,131.3951076,6.730394825,43.37321825,8.010713277,3129.113499
Rice,North,Punjab,636.8407937,23.38409082,62.26593935,126.4993959,6.759752331,39.95362619,7.988215631,3156.581781
Rice,North,Punjab,649.1381007,23.96054984,60.88960095,139.4057853,6.627599305,38.60238809,8.18800289,3024.691866
Rice,North,Punjab,584.4691796,24.42501387,62.48760143,127.1796068,6.63598478,44.74491466,8.230040236,3085.12362
Rice,North,Punjab,656.1659249,23.35794914,58.94894966,126.5404597,6.697720699,43.4866789,8.051752788,3152.808309
Rice,North,Punjab,578.7115144,24.86625876,61.83569764,135.5864792,6.717136267,43.91350644,8.213953456,3167.156284
Rice,North,Punjab,626.068069,24.79749152,62.39304234,133.5450188,6.695513215,45.88023443,7.96472154,3370.141065
Rice,North,Punjab,608.9960512,23.14153494,62.25620883,126.5947417,6.742032177,41.69475204,8.010763313,2816.56889
Rice,North,Punjab,598.692342,22.5456724,58.83219435,133.8020733,6.739290008,43.85091512,7.906604771,3092.843297
Rice,North,Punjab,609.9099365,23.30498119,65.0067966,134.3868115,6.688951791,43.05377168,8.141676562,2793.73977
Rice,North,Punjab,603.8205654,23.59080945,59.99675998,128.5944985,6.789884326,44.28168572,7.985764202,3185.887417
Rice,North,Punjab,644.9838859,24.55478021,62.11926074,126.7653161,6.734911166,43.78697077,8.279038644,3195.27577
Rice,North,Punjab,636.2388179,23.67885887,64.63478813,130.987998,6.803763044,41.62162436,8.447192761,3129.686618
Rice,North,Punjab,593.7145499,23.7096685,61.35930538,132.1208297,6.726141774,41.85259999,8.095129082,3421.340554
Rice,North,Punjab,653.1885793,24.2617942,62.07600696,130.6001566,6.730675899,40.95441487,8.048524693,2849.712389
Rice,North,Punjab,619.9805781,24.38831756,61.03362708,137.8699338,6.638711717,40.07125024,8.144890364,3257.064745
Rice,North,Punjab,652.0981923,23.72466944,64.15736167,129.8074577,6.691368635,44.76731987,8.230464576,2863.541176
Rice,North,Punjab,646.9135087,24.82805481,60.7488746,131.9790177,6.724701509,43.52134753,7.989938969,2999.256495
Rice,North,Punjab,609.3611482,24.70363741,63.08720031,128.1469283,6.738584936,37.30291476,8.32975314,2839.042933
Rice,North,Punjab,600.9389765,23.32819806,59.41063705,135.8041339,6.67661494,43.69300776,8.090615884,3171.556124
Rice,North,Punjab,611.9205473,23.23020467,63.99253364,127.5312171,6.622170905,42.14376968,8.400151958,3227.533261
Rice,North,Punjab,601.2836966,23.79044538,61.3567299,140.3837399,6.719096773,43.86008329,8.306056691,3135.818374
Rice,North,Punjab,603.5239464,23.88219009,61.85679748,129.8138888,6.736381477,43.10389177,8.246528015,3087.892513
Rice,North,Punjab,611.9658798,22.80107959,63.83265535,131.7324424,6.749900505,37.20748924,8.517674941,3079.061556
Rice,North,Punjab,637.7045704,23.37605644,63.22554781,124.7329222,6.668811552,46.82806271,8.06186352,3132.614931
Rice,North,Punjab,631.7516933,24.29740913,62.30083781,131.824805,6.820170779,42.88476241,8.140219809,3257.598159
Rice,North,Punjab,637.6381483,24.71221818,63.27746044,124.2849754,6.781671577,40.70730921,8.160527093,2986.858622
Rice,North,Punjab,608.3965413,24.19725745,62.64271443,132.1096038,6.780685563,43.9070686,8.051168673,3244.613075
Rice,North,Punjab,639.7367622,23.26343531,63.19480014,133.5058637,6.685121825,45.75141363,8.069988883,3118.836468
Rice,North,Punjab,605.6732044,24.00934743,59.80744983,122.7997456,6.779725253,41.3060773,7.90172153,2776.991483
Rice,North,Punjab,594.0259563,23.20614612,65.28403032,135.0490854,6.665592483,47.50487161,8.296353097,3051.275292
Rice,North,Punjab,547.5148571,25.37456554,59.22085507,121.7730063,6.751128522,47.87950481,8.376854564,3184.586368
Rice,North,Punjab,624.8688585,24.51204934,63.51785718,131.4059571,6.705210055,42.87481374,7.949207082,3057.898738
Rice,North,Punjab,567.6760796,23.94099622,60.02281779,124.4820534,6.708994708,45.78400457,8.283663321,2864.424909
Rice,North,Punjab,585.2592966,24.56446271,60.03502521,128.8768343,6.727502605,41.06331109,8.121075101,2899.896176
Rice,North,Punjab,594.9658089,24.19186916,58.81401253,132.2023737,6.69901811,44.10497991,8.144782827,3304.621064
Rice,North,Punjab,613.1306126,23.74235668,62.24459501,132.7164901,6.702443004,43.08118338,7.959601662,3000.564862
Rice,North,Punjab,574.9348682,25.04974605,59.51227353,126.535474,6.664079637,44.78984875,8.041010064,3287.161311
Rice,North,Punjab,593.1627344,24.1673965,60.32930589,140.7257456,6.640620079,43.61964142,8.226755376,3162.069865
Rice,North,Punjab,605.3678085,23.92210758,62.08762294,129.26499,6.748193956,47.421046,7.988501643,2894.529553
Rice,North,Punjab,607.7929488,25.5478256,60.39265086,138.195584,6.783885041,41.89282352,8.213796616,3344.259493
Rice,North,Punjab,600.5218065,23.87785178,60.83663817,124.9262163,6.667536123,40.55211947,8.106816694,2984.504015
Rice,North,Punjab,615.8446478,23.06646261,62.66176046,134.1676448,6.600313218,43.74811314,8.345533798,2918.553847
Rice,North,Punjab,651.8143097,24.25141141,60.58997629,129.7211546,6.727916346,43.15201078,8.207751198,2961.898961
Rice,North,Punjab,614.2340206,23.1517713,61.77754788,125.4804618,6.663223503,45.47218635,8.318262024,3191.370718
Rice,North,Punjab,582.6921809,23.81015493,64.4261954,130.7085846,6.815966477,43.78663568,8.138409823,3053.63253
Rice,North,Punjab,613.3385226,23.9085181,63.41621735,134.7835116,6.660700527,40.33753409,7.732758925,3176.198699
Rice,North,Punjab,582.4158348,22.70826564,62.77715721,142.4649976,6.699696454,44.67698155,8.116365872,3085.166552
Rice,North,Punjab,632.9769121,23.82583527,62.53478463,131.608489,6.666595477,44.9840847,8.065008049,2986.638226
Rice,North,Punjab,623.4127461,23.46091921,62.05636231,129.954405,6.754294778,43.94939647,8.094994608,3222.664945
Rice,North,Punjab,644.7551887,24.33468618,62.02070524,123.4408188,6.646744317,42.38955059,7.97809756,3071.954305
Rice,North,Punjab,611.4162481,24.31781565,61.85900244,132.4325082,6.703223721,39.04906687,7.912132921,3078.386867
Rice,North,Punjab,579.7576314,24.35995724,65.06150166,136.0938093,6.689327856,45.98145227,8.129733491,3049.437104
Rice,North,Punjab,594.6649334,23.81851819,61.22364636,130.8520811,6.708028699,43.00609204,8.187387634,3278.596941
Rice,North,Punjab,633.7388534,23.10906122,56.89215773,134.6715996,6.631656065,42.5504692,7.865977395,2829.702934
Rice,North,Punjab,623.5365682,24.4554931,60.8469792,117.0447885,6.672687778,43.78360801,7.804217686,3127.503988
Rice,North,Punjab,609.6172538,24.3475749,62.23916074,125.1346553,6.759828575,42.68294085,8.094539092,2960.009806
Rice,North,Punjab,598.9179437,23.46911837,61.65410788,138.5585424,6.631404943,39.7728772,8.394234065,3068.601448
Rice,North,Punjab,593.2731815,24.62394281,60.78876892,139.1300486,6.733896294,42.02417718,8.531461643,3009.142762
Rice,North,Punjab,628.5523843,24.17957555,64.60348258,137.807556,6.701600207,41.49316426,8.191994429,2998.342695
Rice,North,Punjab,660.3346812,24.0819212,61.2693569,130.9234015,6.632643686,41.05677192,8.340082782,3001.465858
Rice,North,Punjab,583.8272254,24.32199165,64.37140831,133.5947666,6.749802384,41.48640982,7.815637867,3325.200048
Rice,North,Punjab,601.933004,23.84950019,64.65638828,132.78115,6.722794389,47.33000469,7.971296354,3239.176019
Rice,North,Punjab,611.4253281,24.16115537,65.05693685,132.5391788,6.726914804,45.14501467,8.027009454,2974.11855
Rice,North,Punjab,583.8797701,22.82018605,66.11241426,124.4839582,6.688937319,42.4463734,8.16148134,3222.360582
Rice,North,Punjab,631.5118372,23.65015354,61.66575657,131.4128998,6.687565444,46.21469115,8.19819499,3210.231668
Rice,North,Punjab,626.5720317,24.70408431,62.36204312,123.5158403,6.719984398,41.69728621,7.994276664,3187.954603
Rice,North,Punjab,640.9570768,24.01276295,62.61766603,138.5110747,6.712037659,48.20336623,8.213101929,2835.885586
Rice,North,Punjab,628.8335405,24.22869503,64.57950551,133.3659068,6.693077201,40.55140353,8.058195349,2972.421932
Rice,North,Punjab,595.4869138,24.35314704,65.33980901,131.9733576,6.640205847,43.88920534,8.339326297,3008.532564
Rice,North,Punjab,606.6495708,24.00881292,60.43020337,133.2414022,6.693952593,43.83906489,7.922501564,3034.381255
Rice,North,Punjab,628.0595339,23.77630011,65.4539277,128.0018191,6.711234236,44.86518166,7.816326853,2835.878678
Rice,North,Punjab,571.8585921,24.75755046,60.89628371,142.7909964,6.67178762,43.36910261,8.408421991,3400.913933
Rice,North,Punjab,661.5375894,24.72501974,64.04812505,132.9626347,6.738918054,41.89762857,7.936360223,3099.493831
Rice,North,Punjab,605.7453844,23.72806317,63.39277489,134.776526,6.704420344,45.95506016,7.871662177,3070.951081
Rice,North,Punjab,592.079442,22.88007803,61.83463863,129.3912625,6.775672487,44.26162337,7.895162635,3378.113885
Rice,North,Punjab,640.5258424,24.34925862,61.5470318,125.2028038,6.681389661,45.17749724,8.476917261,3331.486529
Rice,North,Punjab,597.7787645,23.32822954,62.28177249,121.1578032,6.716158386,42.70479483,8.0067927,2860.79454
Rice,North,Punjab,622.8400027,23.6803795,59.66016633,115.6386889,6.698624255,46.54450319,8.432251843,3031.435562
Rice,North,Punjab,594.9446985,24.28126455,60.00322912,131.5089595,6.738304014,45.45386645,8.079969185,3069.448937
Rice,North,Punjab,588.0504353,23.50387179,61.54704222,131.8368275,6.745679231,41.3936421,8.398537714,3059.33146
Rice,North,Punjab,609.4658176,23.55167299,57.15151948,134.420227,6.736842195,42.43734489,8.113398143,3177.390883
Rice,North,Punjab,570.9363536,23.68256839,63.58852936,123.7285529,6.714677897,40.28683639,8.193285996,3094.653778
Rice,North,Punjab,569.6217046,24.69884361,60.53081685,125.9487378,6.71002846,45.2972747,7.896835636,3109.251977
Rice,North,Punjab,620.7204125,24.41586336,62.35288311,128.1648608,6.658620489,43.17228777,7.885572198,2661.797427
Rice,North,Punjab,620.9139951,24.5423609,57.27413513,124.9513465,6.730957713,47.11499094,8.104158742,2990.799559
Rice,West,Maharashtra,695.427589,27.82492585,66.70807164,136.00404,6.475862824,46.09334278,8.624534063,3743.701769
Rice,West,Maharashtra,708.0769818,26.8485879,67.41637746,132.184046,6.544155489,47.84432561,8.563904017,3978.966135
Rice,West,Maharashtra,707.4688227,26.54892537,67.14728481,145.7422285,6.505663521,45.12344404,8.783845787,3399.778387
Rice,West,Maharashtra,746.8324444,27.64802884,67.10535621,146.4050818,6.503392776,49.70554735,8.696946563,3373.046502
Rice,West,Maharashtra,683.9112542,27.61797649,67.33044934,137.9817577,6.452243871,48.84719813,9.012504984,3339.870063
Rice,West,Maharashtra,700.6054864,27.84733233,67.84071722,142.261859,6.446880324,48.85661419,8.562571147,3647.859499
Rice,West,Maharashtra,729.6846513,28.55373819,69.15926635,141.6289816,6.509719215,47.29366741,8.667696769,3455.689788
Rice,West,Maharashtra,704.2115244,27.79055852,65.98691487,145.6993928,6.565855753,47.76386295,8.17562902,3408.826702
Rice,West,Maharashtra,732.4248637,26.98627916,66.00139554,137.4761254,6.542031001,49.09346714,8.55221358,3444.976338
Rice,West,Maharashtra,690.2060463,26.44655389,71.23075138,138.3883977,6.560857926,51.0426321,8.79966218,3435.256953
Rice,West,Maharashtra,710.0932523,26.98548264,66.19259628,141.6217964,6.44104801,50.37535878,8.507076541,3530.173948
Rice,West,Maharashtra,707.0821968,26.84465702,69.1733876,137.6254817,6.543564865,45.30804064,8.625275916,3790.83935
Rice,West,Maharashtra,674.9917169,26.59335302,69.0278157,140.8979089,6.517531505,48.97837426,8.726944294,3666.454976
Rice,West,Maharashtra,710.2454664,26.85524541,69.3451474,149.4994097,6.493368313,46.05094139,8.821416134,3481.942825
Rice,West,Maharashtra,645.6832613,27.50845301,66.92934363,139.5473336,6.516599017,48.38099936,8.741890363,3434.677044
Rice,West,Maharashtra,712.827645,26.84427199,69.47762096,143.0768374,6.453228065,50.17196423,8.492807311,3621.20867
Rice,West,Maharashtra,709.1821828,28.10291021,67.55306804,138.253416,6.49902902,47.39364043,8.75998838,3257.553409
Rice,West,Maharashtra,673.6579395,26.35931825,69.90061518,148.5530669,6.494777539,47.66235655,8.614010433,3674.281745
Rice,West,Maharashtra,676.8161716,27.14302139,69.95039526,142.5054708,6.509479081,50.00209219,8.059353541,3601.681298
Rice,West,Maharashtra,683.6481079,25.90162026,69.0224052,146.8682927,6.493127574,49.90574909,8.922455652,3697.237168
Rice,West,Maharashtra,740.9991132,27.44527649,68.15086728,131.9901709,6.487696876,46.31350681,9.034188543,3473.617128
Rice,West,Maharashtra,703.0801202,27.33089123,68.08720489,148.4752552,6.468867532,48.38921491,8.451505883,3301.996623
Rice,West,Maharashtra,684.7057727,26.97777792,67.14139555,136.5378951,6.429684127,47.83378885,8.299055925,3614.008395
Rice,West,Maharashtra,702.0609938,26.1254691,67.38158185,136.239218,6.515958726,50.68090089,8.224965506,3517.253912
Rice,West,Maharashtra,695.9966801,27.40280405,68.42639326,136.2401533,6.484047303,46.40794829,8.815201428,3503.196747
Rice,West,Maharashtra,747.5297671,26.96360351,66.58318647,132.431428,6.409843016,44.83172811,8.65342533,3576.308753
Rice,West,Maharashtra,660.4702324,27.53702299,67.0338779,140.7339651,6.580611031,49.79367863,8.54629387,3366.321166
Rice,West,Maharashtra,646.204615,26.56850801,67.57773952,135.0641024,6.493437152,48.15370377,8.555028804,3402.499613
Rice,West,Maharashtra,704.2163668,27.26516439,65.81920185,147.0546619,6.495070593,48.03769925,8.741642885,3534.98242
Rice,West,Maharashtra,723.8284158,27.1722745,66.77512525,141.8075176,6.44281369,48.21711941,8.593354002,3468.782471
Rice,West,Maharashtra,696.7865622,25.87089057,66.90255018,140.4642245,6.50799282,45.94464972,8.853141568,3370.073773
Rice,West,Maharashtra,724.23643,27.25631662,66.70754538,148.8765545,6.440318158,49.83830835,8.800116464,3399.406969
Rice,West,Maharashtra,734.8116325,26.84997209,68.57738726,141.3016092,6.493284563,49.62161655,8.758697744,3237.720204
Rice,West,Maharashtra,732.6085061,26.00250481,70.06509241,145.6335257,6.445451678,47.17837142,8.378859066,3467.761845
Rice,West,Maharashtra,692.2991429,27.46779632,70.62061749,146.9784191,6.471891599,47.58155625,8.263312362,3379.11949
Rice,West,Maharashtra,724.1212908,27.96934969,65.53130226,137.0376787,6.498679712,48.56032232,8.438079296,3563.609157
Rice,West,Maharashtra,688.1540163,26.99132864,69.0925685,140.0321113,6.478180705,47.78078039,8.582327408,3444.498346
Rice,West,Maharashtra,693.5300984,27.9591883,69.1218389,138.5225984,6.53484772,47.33236102,8.834624928,3555.446329
Rice,West,Maharashtra,697.3174464,27.26863016,64.8582477,134.3661627,6.44030375,48.28588619,8.946503,3834.695022
Rice,West,Maharashtra,715.9512775,27.30050668,64.39788453,137.286631,6.460610812,46.7583048,8.566371236,3429.186413
Rice,West,Maharashtra,650.5175047,27.44874615,65.85451395,141.1962343,6.603704133,46.16123082,8.093942495,3457.099367
Rice,West,Maharashtra,727.5239909,28.17500847,65.54090081,142.4834961,6.476734477,47.78810329,9.128868669,3274.554451
Rice,West,Maharashtra,706.3434915,27.2806159,70.17157265,140.4899158,6.515402527,47.21670287,8.653825388,3448.521159
Rice,West,Maharashtra,715.5392972,26.7782338,68.75420079,139.8536859,6.556302513,47.89721255,8.245393506,3689.288225
Rice,West,Maharashtra,677.3566925,26.6077402,66.80867741,146.8721905,6.393216289,54.27549707,8.811211362,3533.485837
Rice,West,Maharashtra,698.62765,27.17133244,69.04224486,143.2260779,6.527780223,48.17916136,8.560532316,3477.309007
Rice,West,Maharashtra,695.127293,27.68026206,69.18711344,125.2980568,6.532795039,48.38947239,8.596258249,3441.722232
Rice,West,Maharashtra,728.102818,27.56851588,66.45424466,142.0352614,6.451417163,45.24076367,8.474656555,3629.359021
Rice,West,Maharashtra,723.8281261,27.30785125,69.45019157,142.5808914,6.46792592,48.86384509,8.760081905,3613.143699
Rice,West,Maharashtra,729.7228343,27.42498231,68.70289642,145.3507512,6.498673937,46.2362507,8.567386607,3388.264603
Rice,West,Maharashtra,683.1205431,26.9132888,66.41516016,138.4601924,6.405319267,48.42658741,8.600241095,3377.436705
Rice,West,Maharashtra,716.4811417,27.56254208,64.78488027,136.1863761,6.461542883,46.1201938,8.765894968,3470.926079
Rice,West,Maharashtra,693.387129,25.79768258,69.27083606,133.803708,6.502996632,48.55475388,8.872131719,3303.67694
Rice,West,Maharashtra,624.5121961,27.11030973,71.60102236,146.1947318,6.510482971,47.01672763,8.761424519,3353.96807
Rice,West,Maharashtra,711.9089442,27.3032821,70.12041981,153.7983002,6.519620798,46.98207275,8.594885138,3234.638614
Rice,West,Maharashtra,682.6321717,26.75443054,66.9518232,140.7617744,6.458879003,50.24206133,8.600041413,3498.604952
Rice,West,Maharashtra,691.8026321,27.09311441,69.65019653,135.6643489,6.467094176,47.39254794,8.330825815,3377.111321
Rice,West,Maharashtra,688.0944782,27.52463351,68.52512266,140.9679496,6.542544898,47.72525642,8.67809297,3484.516737
Rice,West,Maharashtra,706.6340587,26.65034481,63.12236568,139.3286042,6.571137407,49.8524308,8.793079497,3685.419608
Rice,West,Maharashtra,702.2164398,27.11838942,66.76469621,138.4196357,6.530788557,50.40776887,8.572110745,3432.47161
Rice,West,Maharashtra,700.013199,27.36072405,65.11229037,128.5190952,6.472473158,45.55857515,8.49837196,3477.832952
Rice,West,Maharashtra,688.6687898,27.87148052,68.65348953,141.5023718,6.531110357,45.72233376,8.807822357,3488.635357
Rice,West,Maharashtra,716.7620154,26.35688566,64.89248247,144.0894483,6.518820476,46.19589689,8.426067384,3668.815218
Rice,West,Maharashtra,670.2647027,27.98560377,66.19875853,143.1919596,6.483569076,49.20637486,8.4911772,3475.581064
Rice,West,Maharashtra,701.0229794,26.39868753,69.48164869,137.4339322,6.488570004,46.01130125,8.087533268,3471.345836
Rice,West,Maharashtra,760.3153855,27.47076257,67.96147924,138.6855459,6.501123295,49.09423823,8.363837437,3667.148254
Rice,West,Maharashtra,717.8845329,27.43091144,68.87695148,140.0980833,6.533643062,49.18362827,8.529191858,3413.959734
Rice,West,Maharashtra,702.5464074,27.92941209,65.52178585,132.6623737,6.508238042,48.1017754,8.634668333,3536.59298
Rice,West,Maharashtra,694.4199436,27.89391806,64.79819204,135.8575149,6.494837262,44.71362238,8.564829119,3749.220525
Rice,West,Maharashtra,700.5221622,27.13842054,65.47967047,136.918193,6.481240181,47.36456981,8.856328759,3583.653659
Rice,West,Maharashtra,672.2135511,27.14790287,68.9964435,145.7007452,6.579027034,45.96981162,8.437828498,3311.363321
Rice,West,Maharashtra,694.1495035,27.27981502,69.97466903,139.6202449,6.484007624,48.30351598,8.43297142,3813.430808
Rice,West,Maharashtra,659.8084743,27.11084435,72.04721244,140.0339992,6.490498048,47.28510915,8.563921664,3705.927271
Rice,West,Maharashtra,644.7034522,27.92006022,65.1520857,138.6667384,6.478537779,49.17710654,8.28037513,3569.3259
Rice,West,Maharashtra,750.6077406,26.1820956,68.37941234,136.6900891,6.52129436,48.03829555,8.471702618,3573.180843
Rice,West,Maharashtra,745.1087027,26.88545772,69.43951588,133.5336352,6.452178181,48.94481256,8.896823206,3553.342002
Rice,West,Maharashtra,692.1735492,26.99957484,65.49918453,143.0225766,6.544116653,47.09581933,8.50599157,3539.881734
Rice,West,Maharashtra,689.0820066,26.96032043,72.19944358,138.7648715,6.482082992,46.70491639,8.748838394,3472.816374
Rice,West,Maharashtra,683.765674,27.79278242,70.83920601,136.9978822,6.406673002,50.01502738,8.463074035,3618.59384
Rice,West,Maharashtra,650.7474046,27.5355584,65.57765614,143.6538206,6.500713653,46.09212116,8.518592737,3602.947769
Rice,West,Maharashtra,702.6473613,27.35064779,71.95288117,132.1787919,6.580860629,48.20871188,8.42024319,3300.452956
Rice,West,Maharashtra,695.2719902,27.55299007,67.74490176,147.5557747,6.427441215,47.9758221,8.349521311,3554.544782
Rice,West,Maharashtra,722.1721848,26.74754292,62.79157229,140.9947407,6.521836928,48.80858951,8.847156438,3339.341948
Rice,West,Maharashtra,717.0054026,27.71550451,64.44282483,141.5982591,6.474791008,47.83695465,8.669535297,3426.915715
Rice,West,Maharashtra,683.107298,27.02049145,65.82550812,134.5708744,6.533968664,45.70241193,8.7332625,3569.388694
Rice,West,Maharashtra,656.8548318,26.59346121,70.38821881,135.0941723,6.476779787,48.92412179,8.756678102,3462.269167
Rice,West,Maharashtra,685.0622451,27.85342192,71.47779933,144.8942903,6.504265907,46.38346856,8.433911119,3578.377116
Rice,West,Maharashtra,710.4599555,27.84095916,69.30090019,132.4845985,6.552597381,46.00387875,8.523205746,3537.530031
Rice,West,Maharashtra,749.8916872,28.86595113,69.21344612,139.0840169,6.526725282,49.77531085,8.535866475,3769.281703
Rice,West,Maharashtra,705.751769,27.29864585,69.3318485,142.1079331,6.541947025,46.76549363,8.488339649,3334.976865
Rice,West,Maharashtra,710.9875308,27.4673619,68.91554573,148.3724622,6.499720199,49.33748331,8.381659825,3441.935045
Rice,West,Maharashtra,717.3884439,27.50946127,67.4120661,139.6420037,6.424106313,47.2859416,8.778076633,3586.280752
Rice,West,Maharashtra,712.516643,27.02986421,68.01412632,136.6983943,6.534941421,48.84194589,8.69840377,3421.094774
Rice,West,Maharashtra,646.166427,27.65829163,67.04232509,135.6861212,6.534673946,47.21597472,8.811987277,3592.550892
Rice,West,Maharashtra,717.0892331,26.18042657,70.42388797,141.3062527,6.481536143,48.28677693,8.244752953,3561.297922
Rice,West,Maharashtra,674.2657123,26.18839783,64.95528163,145.5634419,6.46853683,51.06745542,8.492839707,3243.896306
Rice,West,Maharashtra,672.086889,27.74148697,67.68820364,137.2585635,6.508000911,49.00356547,8.823479763,3717.274884
Rice,West,Maharashtra,691.0057839,26.20437139,67.17306968,141.3014025,6.451812054,46.08569817,8.668757576,3492.702147
Rice,West,Maharashtra,700.8199249,26.5449028,67.53919857,135.3788343,6.544509921,50.07049867,8.230762428,3360.573371
Rice,West,Maharashtra,662.5867686,26.60998564,67.83312406,132.7517739,6.453907009,45.99208526,8.641453466,3510.401651
Rice,Central,Madhya Pradesh,721.9565612,30.10609252,64.90663983,158.6417244,6.683672605,48.6809221,8.740083753,3774.459863
Rice,Central,Madhya Pradesh,760.2849139,29.31104203,67.63755529,167.6896596,6.54387276,44.16499436,9.203532293,3690.724297
Rice,Central,Madhya Pradesh,753.7869069,30.20435353,66.78139184,153.3676394,6.652365885,48.33917998,8.954121851,3643.478458
Rice,Central,Madhya Pradesh,701.7223124,30.30855285,67.14411488,159.6890449,6.656217668,45.33184554,9.112921185,3497.050349
Rice,Central,Madhya Pradesh,739.4111962,29.89538745,66.45061584,158.1523654,6.59342637,47.65209434,8.912647153,3409.013435
Rice,Central,Madhya Pradesh,783.7395976,30.82887245,63.41547461,163.448539,6.574851261,46.52697443,9.058844826,3614.83883
Rice,Central,Madhya Pradesh,720.4058584,29.58567537,64.16761617,155.840889,6.596641085,44.56848002,9.136410413,3873.086923
Rice,Central,Madhya Pradesh,725.498669,30.1436427,66.99937022,162.3600114,6.603797763,47.48536484,9.096449791,3464.350637
Rice,Central,Madhya Pradesh,761.7289016,30.5323745,64.47342779,160.1896892,6.63416645,45.58137236,9.21459561,4004.580874
Rice,Central,Madhya Pradesh,720.3503492,29.17137324,66.60763719,163.6078125,6.588456681,48.90652133,8.73227884,3753.937793
Rice,Central,Madhya Pradesh,724.8534795,31.03162674,69.98503071,156.1667171,6.572522143,47.71917577,8.92257387,3643.188317
Rice,Central,Madhya Pradesh,740.6347105,28.84819611,65.97232451,156.5513611,6.575343859,48.88726401,8.748698621,3771.980778
Rice,Central,Madhya Pradesh,733.0259267,29.8321439,67.58074379,161.7002565,6.62853065,47.93636932,8.933738323,3558.16449
Rice,Central,Madhya Pradesh,712.8712368,29.50475368,71.89818885,166.2233979,6.532446282,43.35508409,9.096373212,3732.08972
Rice,Central,Madhya Pradesh,753.7220959,29.84702652,65.74909148,161.6393976,6.60429465,41.56139925,8.954040074,3522.289035
Rice,Central,Madhya Pradesh,744.3802855,31.7911554,66.73496333,158.4323516,6.646090075,46.96537577,9.084018898,3741.027589
Rice,Central,Madhya Pradesh,791.4135891,29.32146694,66.94726415,155.3680944,6.627775632,44.16262698,8.916526637,3605.736513
Rice,Central,Madhya Pradesh,764.395418,30.55107267,63.50856525,160.2746706,6.564521007,43.48299018,8.95659659,3603.727582
Rice,Central,Madhya Pradesh,800.6679122,30.2597759,63.244765,157.17613,6.651069165,50.17688555,8.682803338,3368.011342
Rice,Central,Madhya Pradesh,786.7741294,30.23376851,64.26341454,162.6731454,6.468212613,46.00675101,9.065564235,3788.640521
Rice,Central,Madhya Pradesh,714.6526012,30.0514123,64.14915075,161.2769188,6.555232684,45.18379832,8.800836921,3747.670436
Rice,Central,Madhya Pradesh,761.4612779,29.85922766,66.07647599,152.7570429,6.585016168,45.89959077,9.524158618,3483.204946
Rice,Central,Madhya Pradesh,776.604431,30.59811526,66.56127281,168.7931024,6.618605274,46.77831839,8.989375869,3833.535332
Rice,Central,Madhya Pradesh,767.4117308,29.62459363,63.36150561,158.9850968,6.559998072,45.87295085,9.247487627,3581.404752
Rice,Central,Madhya Pradesh,738.9294155,30.03481364,67.69686176,148.7655533,6.569664985,46.42256738,9.240015791,3576.214633
Rice,Central,Madhya Pradesh,693.0861823,30.37182687,64.72927522,154.0516667,6.568782731,45.63094928,8.879051067,3319.165091
Rice,Central,Madhya Pradesh,762.4266549,30.76492502,67.30304398,154.3115716,6.589925423,45.98695737,9.119758878,3750.251073
Rice,Central,Madhya Pradesh,721.645655,30.04919733,66.91456081,167.2791116,6.635225327,47.57811337,9.016765326,3861.568872
Rice,Central,Madhya Pradesh,750.2440699,29.48334725,68.80673994,163.4895164,6.577847799,45.04101407,9.059315109,3719.477719
Rice,Central,Madhya Pradesh,744.9323066,30.1867852,69.39991475,165.3577158,6.60953178,47.88262116,8.793495219,3709.689057
Rice,Central,Madhya Pradesh,785.2326587,29.86917246,64.30473214,156.7395556,6.545518348,44.43047618,8.92589838,3439.164947
Rice,Central,Madhya Pradesh,740.3904583,30.5413663,64.18448764,167.5964196,6.625539604,48.06116117,8.868433089,3778.178784
Rice,Central,Madhya Pradesh,712.7016525,30.5341485,66.34367868,162.7662561,6.54122027,44.20986032,9.119445644,3507.747799
Rice,Central,Madhya Pradesh,751.5801573,29.17971732,67.69634843,153.8373834,6.627614997,47.25126187,8.860645636,3737.303985
Rice,Central,Madhya Pradesh,746.5110566,29.67669489,63.98289063,150.1868715,6.617482502,42.87039446,9.01906884,3610.482768
Rice,Central,Madhya Pradesh,756.9785694,29.8187727,65.34110443,163.6593535,6.616752901,46.63231191,9.093853518,3419.664182
Rice,Central,Madhya Pradesh,758.919717,30.36748128,63.96663374,158.7795976,6.598034636,45.73100643,9.066771993,3864.705017
Rice,Central,Madhya Pradesh,767.0441682,29.21266848,67.24413998,166.6446666,6.619340426,48.18196085,9.402454089,3803.556432
Rice,Central,Madhya Pradesh,746.2327149,30.62705308,66.28977567,160.1195152,6.582429288,49.12682672,8.836314267,3879.855159
Rice,Central,Madhya Pradesh,752.4966031,29.1604163,66.73529859,149.4998675,6.631275401,47.77046297,8.881528809,3668.532154
Rice,Central,Madhya Pradesh,788.8539358,29.69655198,63.88218483,167.408317,6.69812936,46.00739134,9.202292607,3851.221387
Rice,Central,Madhya Pradesh,721.4378942,29.7088165,68.46174903,168.4250714,6.628144043,44.24037129,9.397412222,3570.354365
Rice,Central,Madhya Pradesh,731.6215555,30.2054027,69.10832084,164.2698799,6.620743275,46.92657706,9.008702934,3733.720927
Rice,Central,Madhya Pradesh,676.7609981,29.82203552,66.48264387,154.2449296,6.619316166,45.59105756,9.35109514,3885.952959
Rice,Central,Madhya Pradesh,728.3548608,29.90949737,65.85210487,157.7417026,6.609751249,44.48343586,8.773876933,3743.406684
Rice,Central,Madhya Pradesh,755.7382396,29.51741054,67.79071086,156.8421114,6.612658262,47.64068803,8.993277487,3718.211137
Rice,Central,Madhya Pradesh,727.0892589,29.88212005,65.58828114,156.2671083,6.591161292,42.9027634,8.901769251,3607.268676
Rice,Central,Madhya Pradesh,733.5955062,29.85510153,65.8764716,162.3972076,6.643725854,44.70046955,8.759359829,3493.693338
Rice,Central,Madhya Pradesh,727.819927,29.78884721,64.46000787,153.5194167,6.577193959,46.36285324,9.119005893,3566.386542
Rice,Central,Madhya Pradesh,729.6750544,29.44398101,65.93712166,155.7578568,6.628656391,42.42826702,8.928074066,3695.166101
Rice,Central,Madhya Pradesh,744.5958629,31.6158202,66.69960005,154.979727,6.595226788,42.44750733,8.98388005,3525.041591
Rice,Central,Madhya Pradesh,762.8847569,29.67027584,65.76646817,156.8222108,6.686942568,45.35751447,9.366511409,3772.122764
Rice,Central,Madhya Pradesh,752.0516682,30.22123989,66.7875946,150.3616371,6.58605583,47.69031594,8.990220563,3439.221523
Rice,Central,Madhya Pradesh,738.6898887,31.02246331,68.49378343,159.68998,6.647572464,45.26698596,8.659225683,3511.330102
Rice,Central,Madhya Pradesh,779.0722192,29.83560415,65.51323204,158.500809,6.695206829,49.25191783,9.443756047,3626.143218
Rice,Central,Madhya Pradesh,747.3906122,29.09001447,68.95386885,154.1611022,6.610838778,43.80539494,8.882226635,3524.410635
Rice,Central,Madhya Pradesh,724.8031185,29.67652638,64.90346241,164.1666696,6.54475686,46.44108285,9.24359183,3573.020545
Rice,Central,Madhya Pradesh,722.0520277,29.86168522,68.35945042,160.9705382,6.573439285,46.9677533,8.77954157,3752.203927
Rice,Central,Madhya Pradesh,750.2151827,29.81531492,64.3228284,155.5665954,6.626740867,48.457961,8.872538451,3718.758006
Rice,Central,Madhya Pradesh,687.8243245,29.64922936,65.93788213,155.4515829,6.553174681,44.66444089,9.058438546,3621.900647
Rice,Central,Madhya Pradesh,684.0442192,28.72757991,64.78626964,162.2884329,6.462624758,45.00053965,8.894750429,3858.250667
Rice,Central,Madhya Pradesh,730.3744547,30.22979339,66.28251428,149.3471676,6.638410361,46.43079301,9.101653728,4238.935656
Rice,Central,Madhya Pradesh,687.8971765,31.03481799,65.42510496,161.4366445,6.597724388,45.15152733,8.886033414,3699.42631
Rice,Central,Madhya Pradesh,702.0706576,30.4503475,65.16761119,154.3496533,6.577499357,48.51429843,8.892932983,3703.768043
Rice,Central,Madhya Pradesh,721.7260931,30.45475311,67.37101548,169.2430442,6.591221803,47.33730961,9.019613508,3844.380767
Rice,Central,Madhya Pradesh,722.0291903,30.44700319,65.61060541,159.6790591,6.604587624,46.50448079,8.976754191,3682.206977
Rice,Central,Madhya Pradesh,779.4529514,30.59126981,67.73830918,157.7223024,6.555537959,47.91060112,9.175209359,3870.900601
Rice,Central,Madhya Pradesh,724.9004844,29.86227081,62.72103167,158.0376445,6.649828526,45.06700924,9.128095959,3621.424534
Rice,Central,Madhya Pradesh,748.1014257,29.31138517,66.1704189,145.0443201,6.590655192,42.73905351,9.241198903,3766.611103
Rice,Central,Madhya Pradesh,751.6667745,30.91260374,64.10216696,168.736816,6.646609578,45.52688943,9.227124029,3484.055973
Rice,Central,Madhya Pradesh,719.387146,29.63484617,64.94204458,154.7172118,6.661154153,45.4822912,9.070500994,3564.447295
Rice,Central,Madhya Pradesh,694.4849175,30.16203442,62.17549005,159.6568298,6.531584248,49.974552,9.182272544,3665.863069
Rice,Central,Madhya Pradesh,771.5926669,29.49221041,67.08695876,160.9990522,6.613201004,48.544707,9.146498421,3693.308549
Rice,Central,Madhya Pradesh,698.6278141,29.42397222,65.75458213,160.4668619,6.543489814,50.82335335,9.303278811,3740.317748
Rice,Central,Madhya Pradesh,741.8009215,29.87267462,64.09616308,160.3874026,6.612887627,43.51647885,9.066835283,3626.711143
Rice,Central,Madhya Pradesh,692.3048111,29.48376899,65.17278893,169.4384383,6.627827656,43.32903686,9.097207258,3417.904402
Rice,Central,Madhya Pradesh,767.0672763,29.71732521,65.81272762,166.6289832,6.535641822,43.20576363,8.883280135,3805.756828
Rice,Central,Madhya Pradesh,702.0163481,28.30070664,65.09768228,162.758704,6.660013087,45.07367728,8.917714679,3823.08511
Rice,Central,Madhya Pradesh,693.2564575,29.76688753,66.38084778,162.2460936,6.574509665,46.06888202,8.502334529,3551.262738
Rice,Central,Madhya Pradesh,751.3377178,29.41062358,66.11796844,162.2343625,6.58287254,46.34092754,8.807453487,3619.008308
Rice,Central,Madhya Pradesh,755.2554042,30.09418378,64.82693746,161.121082,6.63573049,41.90011744,9.231814813,3599.561789
Rice,Central,Madhya Pradesh,750.6372483,30.71834815,63.25665261,156.452795,6.585572565,44.43249296,9.346987315,3521.484186
Rice,Central,Madhya Pradesh,726.1113305,30.12263342,63.59570095,158.0215964,6.615872663,45.33427919,8.981322628,3570.600183
Rice,Central,Madhya Pradesh,702.1382423,30.19295593,69.50986614,160.0920082,6.611263206,47.38544551,8.746133901,3905.377199
Rice,Central,Madhya Pradesh,745.0582199,30.97911414,64.53393401,169.0903096,6.638757775,47.10608017,9.046804891,3612.720707
Rice,Central,Madhya Pradesh,770.0132915,30.08421592,62.06586059,154.4140677,6.590707712,46.61999797,8.988682302,3832.845618
Rice,Central,Madhya Pradesh,691.2224534,30.08615276,62.36404155,163.7985615,6.595277064,46.83921994,8.827223408,3841.91974
Rice,Central,Madhya Pradesh,766.0431166,30.35012658,65.74096551,162.8992864,6.564655372,47.71111132,9.329896179,3810.591584
Rice,Central,Madhya Pradesh,721.7599383,30.21685039,63.41371691,162.8619516,6.622530171,42.26036732,8.767643231,3607.529165
Rice,Central,Madhya Pradesh,732.4785063,29.27431384,66.77795746,161.257368,6.590286543,44.488417,9.209741425,3898.311067
Rice,Central,Madhya Pradesh,727.9109629,29.63269985,66.98241533,158.2098531,6.59303014,47.4793063,8.618128782,3847.745349
Rice,Central,Madhya Pradesh,741.8170131,29.75310411,65.82153169,159.8121468,6.513439935,48.98987645,9.008265126,3716.45032
Rice,Central,Madhya Pradesh,763.7887443,29.38730253,66.9469438,158.6617945,6.642338539,41.74554516,8.98018114,3559.576902
Rice,Central,Madhya Pradesh,750.8065738,30.28202651,64.58474821,156.4391307,6.594466732,44.20671555,9.168396739,3594.61892
Rice,Central,Madhya Pradesh,667.3252945,29.77510677,63.92291236,151.8436209,6.538128668,46.21881694,9.265728166,3696.977671
Rice,Central,Madhya Pradesh,724.8374153,30.27354252,65.08181938,156.5269982,6.542281867,42.49634239,8.922015259,3673.708023
Rice,Central,Madhya Pradesh,737.5844082,29.75041984,64.10850788,163.041231,6.534143404,47.55205583,8.799556596,3537.134714
Rice,Central,Madhya Pradesh,703.3303702,29.69915871,67.95062492,162.5781404,6.648921106,47.04428509,8.779266034,3600.381616
Rice,Central,Madhya Pradesh,720.4950218,30.79834494,63.60642271,164.4684884,6.644647694,49.6592404,8.918062681,3756.848324
Rice,Central,Madhya Pradesh,797.0412959,29.62941499,62.9299195,150.5999498,6.635635601,42.23369958,8.925536189,3715.596978
Rice,South,Karnataka,1104.629388,27.25526692,82.44457971,206.3943291,6.352384181,70.64600972,10.04546811,6924.528772
Rice,South,Karnataka,1122.509965,27.27073519,84.36698733,194.1097957,6.483361206,75.04647724,10.3471244,7067.269836
Rice,South,Karnataka,1058.58442,26.68533112,80.52939308,203.6073966,6.347492963,73.5149903,10.47410723,6904.280435
Rice,South,Karnataka,1107.093776,26.407276,80.30629807,206.2480945,6.43896745,71.92196096,10.11641809,6496.128819
Rice,South,Karnataka,1073.22869,28.14685145,79.43908886,200.9473991,6.450372199,69.49015466,10.23694209,6940.687331
Rice,South,Karnataka,1100.312483,28.72104183,78.66280148,205.2936426,6.391359913,73.54384031,10.28826143,6690.02657
Rice,South,Karnataka,1105.72491,25.88525913,83.206495,201.4907923,6.431933008,74.11623665,10.27352397,6822.213413
Rice,South,Karnataka,1077.973292,26.57266754,84.37346924,207.181677,6.388094478,72.09200549,10.01907713,6975.913527
Rice,South,Karnataka,1116.635421,28.16473046,80.24335385,198.1099605,6.411572296,73.29297908,10.15686647,6669.055836
Rice,South,Karnataka,1122.035188,27.43268122,80.1674518,206.777214,6.458509935,72.26859299,10.21591957,6883.108666
Rice,South,Karnataka,1078.457423,27.01801889,77.69523291,204.3822782,6.321925339,75.00683966,10.13397598,6768.249953
Rice,South,Karnataka,1084.306652,26.82717668,84.83706269,187.5609567,6.463848269,72.67604696,9.95859567,6638.703141
Rice,South,Karnataka,1141.909826,26.43269587,79.69329898,205.6865727,6.416927644,70.12414885,10.243325,6646.137097
Rice,South,Karnataka,1127.520535,27.63682258,83.0640124,201.8083053,6.488059406,71.99937265,9.963625175,6867.421087
Rice,South,Karnataka,1152.151176,26.3911443,81.27707447,202.0822302,6.397304758,70.03539284,10.42437157,7148.006108
Rice,South,Karnataka,1104.903286,26.45755903,78.90207895,201.2898799,6.455193867,72.95033549,10.19951923,6711.609252
Rice,South,Karnataka,1072.695909,27.5008508,83.82754324,192.2713511,6.479491949,73.14814244,10.47991893,6598.680838
Rice,South,Karnataka,1065.854396,26.91061841,83.00556885,208.9818041,6.435303946,71.51463745,9.994726158,6984.500086
Rice,South,Karnataka,1075.882364,27.97708113,81.4312307,207.9529104,6.433946565,71.72600902,10.09612073,6748.863818
Rice,South,Karnataka,1110.707917,27.0462939,80.81237718,199.1718429,6.403928851,67.74253181,10.29163362,6653.041816
Rice,South,Karnataka,1071.16669,25.98759339,78.412215,193.2227625,6.364548952,75.90651828,10.09482406,6826.662516
Rice,South,Karnataka,1110.012035,27.07863911,81.84511308,194.0235312,6.472546377,75.61439329,9.863468261,6646.395711
Rice,South,Karnataka,1093.004741,26.42127732,83.01193111,196.358639,6.508252803,74.38109719,10.24251481,6954.047939
Rice,South,Karnataka,1127.647511,26.66163151,80.36756551,200.3907153,6.443081806,72.2781208,9.884600704,6679.576333
Rice,South,Karnataka,1098.150678,26.95460064,85.94508435,193.0700603,6.425279462,74.97822622,10.65428995,6739.340387
Rice,South,Karnataka,1112.285736,27.34185621,82.39096346,199.505774,6.421798769,66.93550783,10.3364139,6818.926686
Rice,South,Karnataka,1094.438128,28.22811732,80.65013196,197.9846201,6.499577665,70.33587739,10.08997694,6777.946186
Rice,South,Karnataka,1121.018362,27.1246815,79.41474931,197.3391572,6.369632278,71.84555791,10.28516873,6862.730863
Rice,South,Karnataka,1055.599706,27.63836459,82.50513769,206.9226602,6.422209916,74.20264592,10.29330906,7001.933863
Rice,South,Karnataka,1113.056266,26.94125085,86.54486944,204.4451856,6.428687221,69.44739117,9.942338477,6843.907322
Rice,South,Karnataka,1103.63803,26.63152646,82.2819654,207.9431346,6.434770124,69.71798298,10.17769823,6679.255028
Rice,South,Karnataka,1090.307502,26.7518306,81.04470883,193.7243231,6.393617266,70.87878473,9.614110262,7107.945804
Rice,South,Karnataka,1127.219241,26.77421957,82.0376381,194.1417283,6.484786144,75.79457739,10.23133875,6953.529597
Rice,South,Karnataka,1104.382169,26.19796474,81.17635326,200.6596398,6.377272614,71.56269345,10.18172009,6787.868225
Rice,South,Karnataka,1101.306462,26.36363696,80.5659677,193.5770787,6.448890777,67.78870612,10.43071807,7007.95241
Rice,South,Karnataka,1092.445485,25.43811775,81.27737888,199.6790792,6.349470089,70.96956321,10.50603904,6899.739074
Rice,South,Karnataka,1076.885897,26.0414405,81.34596536,198.9327161,6.424809959,70.92936657,10.30229992,7090.273106
Rice,South,Karnataka,1120.387526,26.9711469,81.63369906,198.2166343,6.459032046,70.74537311,10.20904454,6807.679685
Rice,South,Karnataka,1087.455395,26.17652067,82.64594901,199.6949801,6.425012023,70.93279939,10.44416426,6668.483933
Rice,South,Karnataka,1142.801007,25.95141809,82.86954013,202.3771534,6.360222147,72.84878788,10.45590373,6467.477174
Rice,South,Karnataka,1112.56862,25.50403751,80.06867039,208.1458318,6.370910898,69.65224007,10.16041245,7110.185951
Rice,South,Karnataka,1054.207944,26.36921405,84.99486337,209.2885117,6.394828439,69.52189459,10.6191687,7039.166359
Rice,South,Karnataka,1116.973675,26.51255859,81.90194132,199.1981996,6.416542565,74.90200288,10.37588341,6638.393588
Rice,South,Karnataka,1134.412411,27.18787928,83.37413159,207.3327043,6.344420988,71.92834884,10.09370909,6564.821086
Rice,South,Karnataka,1108.667749,28.50693393,78.31984451,199.8385969,6.432027147,72.2461564,10.17737439,6605.117545
Rice,South,Karnataka,1105.819669,26.54594161,77.62015659,205.9729611,6.447919291,72.10332195,10.24581494,6961.147702
Rice,South,Karnataka,1105.608491,27.54241053,81.4050356,206.5599187,6.416039286,72.38810389,9.945987782,6843.043378
Rice,South,Karnataka,1079.201127,26.61703036,80.36924874,194.6688253,6.50623857,74.66267812,10.5840735,6616.565747
Rice,South,Karnataka,1101.781344,26.22389542,80.60861025,195.4093651,6.4619792,71.20754064,10.41367587,6890.618133
Rice,South,Karnataka,1157.590969,26.11233347,84.51846648,205.7322044,6.351331058,74.01426667,10.26722899,6765.878561
Rice,South,Karnataka,1079.401613,26.56853433,86.09962419,200.0034141,6.4391065,70.41820124,10.04402941,6962.297721
Rice,South,Karnataka,1066.260595,26.75087174,82.06805482,200.556863,6.391045336,72.79163956,10.33857115,6910.195632
Rice,South,Karnataka,1075.354905,26.82950694,84.38952572,204.4732359,6.331357027,72.7029598,9.80435495,6807.040235
Rice,South,Karnataka,1147.444175,26.43126437,80.33135391,203.8201489,6.322859924,70.73448994,10.31928823,6704.857123
Rice,South,Karnataka,1094.10075,27.44651143,82.84309217,201.334092,6.383043886,72.74012223,10.17525346,6868.670841
Rice,South,Karnataka,1087.576699,26.89045862,80.02008441,199.8249619,6.359449957,69.7719071,10.25173223,6831.910966
Rice,South,Karnataka,1119.571843,26.74132466,82.81610569,202.7539879,6.42223869,70.34869263,10.2298727,6854.621044
Rice,South,Karnataka,1100.179462,25.7481134,82.32097925,211.0626552,6.381998037,70.5438458,10.27466971,6846.856732
Rice,South,Karnataka,1129.818379,26.24527911,83.46276051,202.9521103,6.392892673,72.67737464,10.4058915,6930.847307
Rice,South,Karnataka,1071.424517,27.49209491,81.87062279,200.3643705,6.40365985,71.69951402,10.4383415,6787.442306
Rice,South,Karnataka,1072.011347,26.76388209,82.35738943,206.1460739,6.430154734,70.29892944,10.69703798,6839.716297
Rice,South,Karnataka,1131.884768,26.90897134,83.06671849,204.1973425,6.460909736,74.11473661,10.3744394,6752.73699
Rice,South,Karnataka,1085.706349,27.19956451,83.86625614,198.8863965,6.453258598,74.90523349,10.01673582,6674.461894
Rice,South,Karnataka,1096.490624,27.1845676,80.95086597,206.7610134,6.421203343,72.0788941,9.912818095,6602.627628
Rice,South,Karnataka,1107.025231,25.72044262,84.02527482,199.2092308,6.562154648,76.6158325,10.16371019,6784.04945
Rice,South,Karnataka,1124.889538,28.02190357,78.72394189,191.0681227,6.36889826,73.16547517,10.29937472,6960.465718
Rice,South,Karnataka,1070.007562,25.61031368,83.71602839,195.8590186,6.299075607,72.29012749,10.35863514,6781.69143
Rice,South,Karnataka,1088.55379,26.90438266,81.25883448,193.2597644,6.364265966,73.04255981,10.26433571,6825.208971
Rice,South,Karnataka,1075.121288,26.8910981,77.64586991,200.8923833,6.471442885,69.05173574,10.08281447,6849.366017
Rice,South,Karnataka,1131.321066,26.73106523,80.61549934,190.1553843,6.405171906,76.08415208,10.25547169,6796.658153
Rice,South,Karnataka,1108.052058,26.9933448,80.37397126,204.1163996,6.411288076,72.0352265,10.00492679,6995.52619
Rice,South,Karnataka,1116.617569,26.6682475,84.00364971,197.5121458,6.360899825,70.48059377,9.845786289,6870.731357
Rice,South,Karnataka,1054.221378,26.2629337,77.84882398,199.5696515,6.392483977,71.34660757,9.991484461,6624.164937
Rice,South,Karnataka,1111.609247,26.66966884,82.63271664,195.5737566,6.409053137,74.60655607,10.31723316,6738.137927
Rice,South,Karnataka,1106.429974,26.8556009,82.01576037,198.3719447,6.39178324,72.42418671,10.00132826,6647.618176
Rice,South,Karnataka,1065.286436,26.03983734,79.56543462,200.7973125,6.355360624,73.02722893,10.20694275,6504.724368
Rice,South,Karnataka,1116.37439,27.48647919,80.01227465,202.1009577,6.357175088,72.19534075,9.947100319,6531.034032
Rice,South,Karnataka,1090.42957,26.92576263,81.20464061,194.0798472,6.380005047,72.53858951,10.19102139,6827.375155
Rice,South,Karnataka,1083.24712,27.70303075,79.64765333,202.4378015,6.459094555,72.96181619,10.15949515,6720.755443
Rice,South,Karnataka,1125.902191,26.14621504,80.05975148,198.0122112,6.461882688,72.75953527,10.00639085,6753.453844
Rice,South,Karnataka,1084.641921,26.5741266,83.95777912,193.1412844,6.480439043,73.65645938,10.41817233,6730.559073
Rice,South,Karnataka,1096.251482,26.14010891,80.95067519,202.4682742,6.464803153,69.78568637,10.12689881,6777.305117
Rice,South,Karnataka,1065.10527,27.35480955,80.55201934,199.0230482,6.377402531,70.42132299,10.198591,6767.658563
Rice,South,Karnataka,1090.703553,26.56292303,82.63904934,208.2680863,6.406994362,73.99223643,9.921955615,6823.664216
Rice,South,Karnataka,1072.565792,26.11384504,80.52125719,205.9594967,6.447500791,72.48600944,9.893459888,6770.557902
Rice,South,Karnataka,1107.5425,27.10532174,78.31241283,195.5484108,6.396796112,73.07258182,9.760774436,6775.681404
Rice,South,Karnataka,1103.576219,27.50976719,83.38571517,202.9128566,6.360002975,68.18399573,10.12138945,6950.244774
Rice,South,Karnataka,1134.836363,27.42632946,82.85868165,201.8981982,6.372194063,71.73987941,10.53381391,6658.616299
Rice,South,Karnataka,1140.36947,26.80678311,84.65086422,192.965925,6.42929521,70.52645973,9.916946562,6832.780106
Rice,South,Karnataka,1125.236795,26.49303514,79.00196808,199.5407762,6.395628234,73.09663926,10.38991891,6791.087723
Rice,South,Karnataka,1146.387583,27.13454085,81.30714699,191.9421632,6.386867024,71.32722611,10.39206096,6869.372544
Rice,South,Karnataka,1070.515772,27.10335263,83.34306234,207.6401568,6.444375198,73.52169331,10.2120172,6858.246801
Rice,South,Karnataka,1131.237623,26.20033356,81.30112135,196.1371563,6.418957656,74.46044435,10.08060514,6441.454345
Rice,South,Karnataka,1089.694481,27.54808424,83.07525981,202.1409312,6.386000335,69.44193853,10.30305886,6674.857728
Rice,South,Karnataka,1154.602418,27.34230433,80.83870339,196.9430738,6.39535279,71.52099616,10.42336676,6827.962425
Rice,South,Karnataka,1081.709207,28.13426441,82.09861666,203.8441984,6.369588675,72.72623126,10.262222,6516.552606
Rice,South,Karnataka,1150.381878,27.77438668,81.20560937,194.4886513,6.417378081,72.1733954,10.27113379,6828.736609
Rice,South,Karnataka,1112.656025,27.86838342,83.13620641,194.7517225,6.468128143,75.28122913,10.83041135,6631.475895
Rice,South,Karnataka,1106.07205,25.75074078,83.10629831,197.2589985,6.49617229,70.45077006,9.862163392,6729.310439
Rice,South,Karnataka,1050.612806,27.45065967,77.86983391,200.1422879,6.296109409,71.35940439,10.52867563,6854.097184
Rice,West,Gujarat,658.4126599,28.98127791,64.03603374,132.3631517,6.431657082,46.18513455,8.159121674,2905.517317
Rice,West,Gujarat,667.7931539,29.3799961,64.04526171,122.9721847,6.450750344,45.39736002,8.684186532,2913.131384
Rice,West,Gujarat,667.9791553,29.4177008,62.96461485,129.5595438,6.608496829,42.15263473,8.329631454,3117.53845
Rice,West,Gujarat,663.0339235,28.80905748,62.43768724,128.7009993,6.579926906,46.60425692,8.872444702,2787.565942
Rice,West,Gujarat,651.2211566,27.2965528,62.38123836,134.7835159,6.525847326,44.55697347,8.695539943,2896.667169
Rice,West,Gujarat,685.1189721,29.45952697,60.76822643,131.4982384,6.546621744,44.16979942,8.840140122,3422.198167
Rice,West,Gujarat,677.3914302,29.23598423,62.52388583,130.9062558,6.523013581,45.38968468,8.496060936,3030.954266
Rice,West,Gujarat,716.5548985,29.26918146,65.92397438,128.8149401,6.537495012,45.55853568,8.509817854,3047.778151
Rice,West,Gujarat,655.2075834,28.62027184,64.37865661,131.4862214,6.440538377,47.10797154,8.814401256,2894.290735
Rice,West,Gujarat,641.5603801,28.91305725,63.10811257,130.5657023,6.481844167,40.98508628,8.622330612,2954.157133
Rice,West,Gujarat,695.8415256,28.5810802,67.35734935,120.4417972,6.565558375,44.55136206,8.871916974,3011.970223
Rice,West,Gujarat,708.4888884,28.76758282,61.80275915,137.1025214,6.494325968,45.44311695,8.946950383,2845.206714
Rice,West,Gujarat,694.8872724,28.64606315,63.73566129,130.3613948,6.424988907,43.44232591,8.970214578,3132.928678
Rice,West,Gujarat,678.4340106,29.14587408,63.41151499,136.7829169,6.489982371,45.46368418,8.929206029,2883.394277
Rice,West,Gujarat,718.9697296,28.08172315,67.25928426,128.1366221,6.487865063,41.21997966,8.609041057,2844.02902
Rice,West,Gujarat,664.8088414,28.91761342,65.91558323,131.0380168,6.515383833,42.80896122,8.523849182,3269.808753
Rice,West,Gujarat,661.6199741,29.99372495,63.5138776,130.0114397,6.553518258,47.54378484,8.677837488,2941.763542
Rice,West,Gujarat,678.6019888,29.20277452,65.78260737,130.0211493,6.530944315,48.27671946,8.776261922,3046.747928
Rice,West,Gujarat,642.0272294,27.42156192,64.77675146,129.5258788,6.474260866,45.48706041,8.687919254,3169.167038
Rice,West,Gujarat,682.1527717,28.55184603,65.98033248,128.9143446,6.526326834,44.04517859,8.570034623,3012.625235
Rice,West,Gujarat,680.3207161,29.28789622,63.46270849,120.8182011,6.478361306,46.58763693,8.640524784,2963.04249
Rice,West,Gujarat,704.6594126,28.57281606,60.91439356,129.1968444,6.475791302,43.06750736,8.664924309,3073.725847
Rice,West,Gujarat,679.767786,29.18418864,67.6268154,128.2856057,6.513917432,43.98157327,8.530728056,2912.263852
Rice,West,Gujarat,668.0310357,29.21568548,68.69815157,126.4197828,6.479168735,44.87375397,8.77915977,3039.532622
Rice,West,Gujarat,712.1023948,27.54416476,59.22614026,127.5206091,6.554865009,41.86870394,8.098473532,3085.676911
Rice,West,Gujarat,686.0914306,28.34587496,62.0289208,125.1512814,6.505526766,43.74736945,8.798812784,2571.806001
Rice,West,Gujarat,658.5787034,28.32436762,63.48731864,127.3097612,6.539892189,41.28132646,8.709098295,3083.750463
Rice,West,Gujarat,726.4161859,28.71094042,64.64891721,120.980686,6.38040219,46.68954875,8.698887941,3176.776903
Rice,West,Gujarat,645.6649278,29.31194128,67.73763568,132.098528,6.513829075,45.01711216,8.385823709,3203.33594
Rice,West,Gujarat,664.728559,29.30268995,60.87393139,124.1027017,6.57175437,44.30539542,8.990655095,2988.265401
Rice,West,Gujarat,633.9525557,29.53524056,62.82021536,133.4934441,6.501260543,41.91376354,8.732858953,3329.433471
Rice,West,Gujarat,692.3246615,28.96548935,66.1506868,131.0533423,6.510476712,42.81674966,8.746769605,3155.316512
Rice,West,Gujarat,659.0984462,29.85469749,63.81658795,125.5611524,6.549881604,44.42641153,8.851902977,2956.236205
Rice,West,Gujarat,678.5043464,29.29613612,64.58179412,120.0223411,6.443937813,46.85881997,8.673572682,2921.440305
Rice,West,Gujarat,646.0356496,28.35215821,59.95640272,129.4935964,6.470078121,43.06682422,8.686375315,3054.595595
Rice,West,Gujarat,732.3299483,28.09286995,66.31876209,134.8655078,6.461045363,45.40647191,8.60847335,3027.853287
Rice,West,Gujarat,717.7282753,29.36336374,65.01721675,127.8484534,6.425797167,44.58306358,8.941321631,2770.924822
Rice,West,Gujarat,653.6227658,29.07576064,62.03069043,126.0373828,6.478820071,42.26876519,8.505175631,3105.514188
Rice,West,Gujarat,647.3157554,28.04127672,62.73995004,133.6597775,6.49015391,44.07083784,8.70887176,2738.143885
Rice,West,Gujarat,692.3676413,29.23006102,63.18138305,135.0296226,6.443625195,47.25581799,8.730898733,2949.517112
Rice,West,Gujarat,679.5031591,28.93564114,66.44056579,124.6166044,6.461874038,47.07260578,8.580893013,3135.079962
Rice,West,Gujarat,722.4858996,28.75892298,65.36272465,124.2315386,6.537736665,45.39884797,8.794607656,2903.164189
Rice,West,Gujarat,638.4729146,29.30195124,59.8731937,128.4132475,6.547059093,45.38379547,9.089668529,3153.766373
Rice,West,Gujarat,663.6525403,29.01638803,63.90525859,122.0891162,6.452980054,43.87847819,8.292755899,3007.12402
Rice,West,Gujarat,673.7732039,27.99626366,64.80842573,133.5793637,6.511351724,44.35186365,8.81828843,3102.033054
Rice,West,Gujarat,687.6850892,28.50523265,64.55320153,135.9774033,6.470168547,49.19587868,8.594873813,3004.861052
Rice,West,Gujarat,663.1878601,29.1339625,60.51555661,127.269791,6.44539394,45.2706767,8.898889475,3096.900928
Rice,West,Gujarat,620.708516,30.22524179,64.59055988,126.1175043,6.507856396,45.35237965,8.566630257,3029.6875
Rice,West,Gujarat,664.8131928,28.7573828,62.62744173,122.8366436,6.507291824,46.17059887,8.802976719,3122.988788
Rice,West,Gujarat,688.1085053,28.6803647,65.67932773,123.2124123,6.454966431,43.07159986,8.916011212,3141.418277
Rice,West,Gujarat,692.1826309,29.64315792,62.24143444,131.7429756,6.493741279,46.69376421,8.676955153,2942.258567
Rice,West,Gujarat,693.522713,29.5257015,62.66330961,129.6946216,6.447077968,40.00387797,8.740091926,3091.335803
Rice,West,Gujarat,686.5516702,27.83026297,63.29830114,118.9082612,6.568485055,42.82789084,8.951080722,3141.880447
Rice,West,Gujarat,657.4852412,28.32032903,64.70074043,125.7783798,6.505124232,44.03434482,8.343768317,2665.429797
Rice,West,Gujarat,685.6671062,28.66306535,62.89382037,133.4793192,6.558672114,44.45491056,8.631880259,3075.021455
Rice,West,Gujarat,646.0766108,29.13389183,65.10377194,133.401151,6.403162365,43.47728946,8.524347349,3014.983043
Rice,West,Gujarat,692.0186145,29.89802624,63.01006904,127.5121375,6.557483601,45.59315388,8.953530302,3043.3092
Rice,West,Gujarat,651.0720845,28.20012299,60.8969755,133.3102592,6.559429841,48.69872428,8.868621066,3174.425787
Rice,West,Gujarat,665.4995917,28.30615051,65.70015866,132.0884038,6.505372219,45.77474296,8.764637096,3192.572529
Rice,West,Gujarat,712.3746396,29.32653221,65.69160575,132.5703128,6.476941513,46.51312935,8.421100986,3158.083733
Rice,West,Gujarat,650.1369265,29.17148197,62.30969208,132.7669449,6.498303739,41.81048808,8.784139926,2913.311883
Rice,West,Gujarat,702.028668,29.00079541,64.79084197,125.2121552,6.470533388,44.08272273,8.871340496,3251.606563
Rice,West,Gujarat,659.8707062,29.64610889,59.66064516,124.029053,6.452061077,42.29498262,8.383282322,3061.949837
Rice,West,Gujarat,674.6483076,29.22764324,65.38094537,131.328085,6.532888159,44.86093543,8.462601322,3158.672127
Rice,West,Gujarat,665.2721967,28.43864222,63.64416425,125.4359454,6.479128481,45.68810784,8.769668348,2865.32549
Rice,West,Gujarat,667.8073657,29.6445998,64.99280024,140.3753252,6.559006409,47.28858614,8.42242629,3114.579053
Rice,West,Gujarat,678.67233,28.66941092,64.33603068,134.7260577,6.52504158,43.2430524,8.848491783,2904.361869
Rice,West,Gujarat,685.417078,28.81798996,63.5622675,133.8312149,6.447990314,48.89039015,8.335782786,2910.349848
Rice,West,Gujarat,689.2552972,29.3505885,63.79904856,129.7130465,6.520527504,44.53786105,8.978636252,3125.902367
Rice,West,Gujarat,701.8206088,28.42030597,63.84122315,128.4976703,6.449719931,45.72032837,8.592470848,3098.310574
Rice,West,Gujarat,653.2452109,30.03142437,62.20733468,131.0965117,6.539592966,43.85871914,8.870493729,2815.62246
Rice,West,Gujarat,716.3029425,29.00848956,62.80717718,128.5040911,6.540445963,43.83108942,8.550128462,2966.76951
Rice,West,Gujarat,650.5759472,30.09232634,62.86721082,134.1580839,6.510473504,43.0309319,8.698809058,3117.600417
Rice,West,Gujarat,675.2934666,29.71586777,66.04303079,134.5945743,6.477017161,42.8403151,8.577282479,3029.436141
Rice,West,Gujarat,693.6446678,27.69705716,63.9837736,130.7904461,6.486122787,47.58254768,8.784356015,3196.528786
Rice,West,Gujarat,674.600987,29.5624865,67.27013279,136.5584672,6.44539292,44.49264784,8.630967059,3073.38818
Rice,West,Gujarat,697.1588389,28.4966644,64.13567703,119.9003633,6.57209725,43.97525152,8.711172788,2953.552543
Rice,West,Gujarat,708.6506894,27.29749614,63.96677932,129.4709062,6.477318181,48.45245309,8.522534108,3115.769427
Rice,West,Gujarat,688.9063197,29.75691155,62.66562183,126.3351555,6.554803495,45.85064262,8.391012531,2919.104248
Rice,West,Gujarat,689.6595663,29.50265853,62.64153869,115.4287201,6.526161159,42.55935862,8.29653224,2575.151111
Rice,West,Gujarat,700.3495215,29.07717047,63.54868724,136.9451218,6.531866234,48.23260009,8.421452906,2994.817406
Rice,West,Gujarat,639.5821656,28.8623706,63.50276829,133.1330682,6.502278194,46.24681428,8.840688027,3323.239302
Rice,West,Gujarat,672.1175836,28.43538638,64.49216723,125.9885999,6.574098038,44.43356392,8.586884726,2929.302642
Rice,West,Gujarat,697.9604356,28.90535181,62.71666636,138.3267596,6.457191508,45.07113215,8.83046123,2755.299733
Rice,West,Gujarat,692.0065125,28.36693539,65.64556556,125.1867449,6.534638452,47.21166613,8.872287305,3037.697497
Rice,West,Gujarat,674.2174764,28.65414825,66.94206938,126.5025239,6.448146696,46.33073787,8.540772639,2857.490475
Rice,West,Gujarat,643.9098934,28.7102541,63.83456995,131.2154586,6.547565312,46.05379585,8.661825556,2970.270649
Rice,West,Gujarat,692.7539367,29.7635421,64.2526284,127.6543457,6.4503567,42.10958947,8.833253934,3086.696779
Rice,West,Gujarat,694.4340881,28.92280433,66.81386949,127.5794075,6.547763462,44.92251421,8.578329847,3088.879546
Rice,West,Gujarat,690.240903,29.21418366,64.16255684,129.8105346,6.6194186,47.36851329,8.844565379,3016.769874
Rice,West,Gujarat,705.17893,29.31079687,64.05240951,128.4821784,6.495954133,38.65914853,8.742120168,2926.728588
Rice,West,Gujarat,719.81675,29.01160644,61.62207316,129.7505992,6.447693946,45.94681483,8.758189473,3143.675945
Rice,West,Gujarat,660.2279552,29.02040486,61.26995641,133.5074739,6.525943559,45.99161004,8.700323806,3062.215934
Rice,West,Gujarat,720.1084777,28.82894345,64.27729037,124.5693685,6.456586952,45.19562659,8.920786709,2961.557876
Rice,West,Gujarat,674.1020868,28.75586885,62.93048666,131.4748573,6.425137118,47.56187915,8.56691554,3108.285523
Rice,West,Gujarat,648.2500351,29.40130408,65.34388922,131.9210104,6.450278574,45.49909638,8.463388763,2962.085512
Rice,West,Gujarat,705.7353275,29.47802116,64.03036589,125.1259671,6.532279386,45.03876248,8.23593688,3117.394474
Rice,West,Gujarat,679.3941792,29.72147075,61.80945896,114.1164809,6.513954193,45.58312735,8.361865674,2853.225068
Rice,West,Gujarat,748.8804436,28.81663363,65.46191795,126.7467009,6.395484855,44.65948351,8.646879088,2940.018264
Rice,West,Gujarat,677.1339791,29.15856096,63.6997661,123.6799692,6.52430924,41.10125649,8.289928509,3110.877074
Rice,Central,Chhattisgarh,742.6755068,27.96556278,65.20910299,141.4604453,6.486862663,46.80821206,8.752194268,3447.849551
Rice,Central,Chhattisgarh,765.6826341,27.74833915,69.51297671,135.4296996,6.532972562,48.39210317,8.961469123,3312.837137
Rice,Central,Chhattisgarh,763.0103502,27.47533861,69.2552126,143.6024627,6.492084726,49.63229221,8.730865379,3347.885155
Rice,Central,Chhattisgarh,728.4337944,28.14474415,68.16901029,148.9899727,6.546175431,47.89875336,9.0737545,3172.049536
Rice,Central,Chhattisgarh,744.6963972,28.37184327,64.17736622,145.4648962,6.476575194,48.48246948,9.170170466,3251.948129
Rice,Central,Chhattisgarh,709.8405768,28.04541696,69.37117949,144.2917571,6.558318527,51.06195132,8.464357736,3270.579955
Rice,Central,Chhattisgarh,715.9539475,28.28761657,62.75036589,157.7450485,6.526551305,50.29775361,9.136313543,3701.548108
Rice,Central,Chhattisgarh,751.7686661,28.56928786,68.26138005,144.2923712,6.476210228,48.34777602,8.76259718,3147.416605
Rice,Central,Chhattisgarh,728.1032137,26.98919945,68.38183305,144.818347,6.507346765,48.95573686,9.515372074,3554.017385
Rice,Central,Chhattisgarh,698.8864375,28.13972085,66.78398771,139.9276014,6.432996396,50.86443338,8.763723953,3495.173904
Rice,Central,Chhattisgarh,754.8445554,28.82434863,66.29522647,147.3768281,6.531622711,49.05164365,8.745645609,3591.4281
Rice,Central,Chhattisgarh,735.6873969,28.38158065,66.35584798,138.9035777,6.471527511,49.75195723,8.687155999,3348.523279
Rice,Central,Chhattisgarh,687.7873703,27.32797155,69.3418225,148.0189526,6.480406162,47.96447138,8.69451929,3294.009763
Rice,Central,Chhattisgarh,746.1129623,28.55694741,67.00693653,139.2325379,6.513392182,48.35293006,8.796349472,3548.791414
Rice,Central,Chhattisgarh,750.6778857,28.09478459,65.456162,146.0569828,6.553132865,49.24873267,9.170222818,3543.911793
Rice,Central,Chhattisgarh,771.5933208,28.18314588,69.1747834,152.0709364,6.522369697,48.99753178,8.810291433,3385.783243
Rice,Central,Chhattisgarh,697.7359645,27.91404465,70.19309424,134.0437307,6.576724105,52.24474844,8.808047077,3431.508624
Rice,Central,Chhattisgarh,730.0786932,28.73799422,69.96536629,137.9996464,6.529363121,49.58874429,8.916566514,3240.774215
Rice,Central,Chhattisgarh,773.7034267,28.62403709,66.52045767,138.326947,6.480716368,50.86900529,8.948041169,3537.969924
Rice,Central,Chhattisgarh,749.7479931,28.58174142,68.6537108,138.0535063,6.490215073,52.12017948,8.889695414,3425.463555
Rice,Central,Chhattisgarh,722.0312921,27.38211289,67.75331187,146.5452372,6.467215614,49.52857751,8.712107352,3517.886738
Rice,Central,Chhattisgarh,722.6386061,28.87165333,71.0574957,144.5947702,6.449577563,45.82820424,8.605592585,3143.924776
Rice,Central,Chhattisgarh,764.4617407,28.06949475,68.77920905,133.897895,6.440101679,51.77415955,8.957354822,3327.919208
Rice,Central,Chhattisgarh,744.121059,28.98147868,67.55791507,145.346849,6.509629846,54.78421927,8.480128747,3452.483452
Rice,Central,Chhattisgarh,727.1299438,28.34006304,66.68525489,144.7551748,6.535570529,56.2258204,9.061607238,3222.79016
Rice,Central,Chhattisgarh,719.4060079,27.72795153,64.40871365,143.349549,6.536641454,47.45153576,9.10969653,3423.166223
Rice,Central,Chhattisgarh,711.644167,27.91508222,71.19664362,148.6677391,6.500439183,49.52463337,8.915321814,3273.235466
Rice,Central,Chhattisgarh,677.3812624,29.22530675,68.31065,146.9907363,6.497104613,48.5297664,8.862815104,3110.090786
Rice,Central,Chhattisgarh,786.9271625,27.2592928,65.93606743,142.798704,6.564403786,50.029018,8.652772841,3538.150754
Rice,Central,Chhattisgarh,748.2750157,28.32306097,69.43146848,156.9718095,6.609254745,48.62656931,9.224776999,3407.475228
Rice,Central,Chhattisgarh,742.4773954,26.9846375,67.65922847,140.935882,6.541402941,52.142161,8.48510273,3346.69477
Rice,Central,Chhattisgarh,758.0465376,27.88799262,69.45812729,146.7558273,6.517083012,49.45737004,8.656683839,3181.770478
Rice,Central,Chhattisgarh,747.7338129,28.01167495,67.72297551,142.8805498,6.484740558,52.09382359,8.832951184,3148.840293
Rice,Central,Chhattisgarh,748.5912944,27.877074,68.06279173,153.0378915,6.498971972,50.57836735,8.664215302,3317.049582
Rice,Central,Chhattisgarh,745.2381511,27.06677576,68.40169019,145.5039554,6.502064373,52.0743178,8.966887703,3571.710785
Rice,Central,Chhattisgarh,705.1602621,28.08155474,68.16893357,139.6537275,6.54781475,54.64934661,8.896598785,3425.753163
Rice,Central,Chhattisgarh,732.1129619,27.5718492,64.35847944,141.4711326,6.430402081,53.40820416,8.876978061,3298.112101
Rice,Central,Chhattisgarh,752.2288456,27.32694934,66.46627192,145.3403613,6.55143845,51.00337009,8.949665029,3361.71766
Rice,Central,Chhattisgarh,740.0058964,28.12099174,65.94005545,145.2303961,6.446315567,50.16216509,8.803870412,3730.907243
Rice,Central,Chhattisgarh,729.0026404,27.15745626,67.73163958,147.5967937,6.583668197,48.8210952,8.583514405,3472.525552
Rice,Central,Chhattisgarh,695.4850324,27.73830674,67.48475903,144.6518327,6.534458223,48.63273144,8.84525415,3347.859447
Rice,Central,Chhattisgarh,733.7399489,28.0586963,68.87201155,149.2191975,6.519631706,50.90717105,8.583555367,3357.534155
Rice,Central,Chhattisgarh,741.9876887,28.43736472,66.61529845,141.7048036,6.471294966,51.0728278,9.106776211,3288.880984
Rice,Central,Chhattisgarh,752.6990578,28.07408789,67.75142845,143.9430789,6.537330568,50.65115563,9.355165086,3222.166304
Rice,Central,Chhattisgarh,742.9525426,27.68247939,66.26142603,144.9456643,6.506867624,55.83634711,8.863170837,3180.473191
Rice,Central,Chhattisgarh,736.8252679,26.75521598,67.81608643,145.0801264,6.539730019,51.9472445,8.799286076,3327.407898
Rice,Central,Chhattisgarh,710.8469792,27.32316247,68.61978956,138.6320723,6.479268655,48.00965208,9.009936637,3620.214515
Rice,Central,Chhattisgarh,697.4603004,26.88818891,67.75022623,145.078489,6.510932965,49.10735897,8.85987214,3405.126562
Rice,Central,Chhattisgarh,756.0107723,26.82697074,67.26212112,146.069044,6.454101195,53.46233926,8.772918024,3343.806097
Rice,Central,Chhattisgarh,743.9005524,27.64522913,64.3068539,142.8567274,6.551472028,49.32620975,8.73071314,3488.850831
Rice,Central,Chhattisgarh,721.7306276,27.69390351,68.29891218,148.853751,6.619085677,51.65447222,9.131967993,3274.10507
Rice,Central,Chhattisgarh,704.3532974,28.03739881,68.21433983,139.6074363,6.491235274,50.7986352,8.972078679,3425.643178
Rice,Central,Chhattisgarh,737.2741183,27.6957948,66.97219875,139.005243,6.589238752,50.02690073,8.855029389,3210.681188
Rice,Central,Chhattisgarh,803.3914476,27.35600318,67.14230415,147.0791842,6.530010648,51.91586411,9.261521702,3425.923648
Rice,Central,Chhattisgarh,703.59923,27.84583292,68.61566475,155.3411302,6.430109726,52.40515301,8.935982874,3475.67458
Rice,Central,Chhattisgarh,727.4501321,27.49454042,69.50174556,148.2721551,6.548602848,49.97339073,8.780035595,3116.181951
Rice,Central,Chhattisgarh,750.4843317,28.25433369,66.06843473,142.3071316,6.476662059,47.03403114,8.736463521,3179.925446
Rice,Central,Chhattisgarh,719.6880247,27.5567815,64.74599016,155.1129512,6.562627037,48.44196116,8.954484279,3412.619763
Rice,Central,Chhattisgarh,759.7771464,27.50883698,70.18421357,142.2604735,6.43320688,51.44827312,9.158151685,3738.186346
Rice,Central,Chhattisgarh,700.0068684,28.41935181,67.18039751,148.9167936,6.426475522,47.47446045,8.744825035,3361.844607
Rice,Central,Chhattisgarh,713.9729683,28.39543261,70.05378924,147.9978877,6.580939382,50.83165326,8.656620658,3554.506477
Rice,Central,Chhattisgarh,714.8710941,28.5462511,71.14746843,147.2834401,6.425192059,48.16357567,9.164548893,3324.631597
Rice,Central,Chhattisgarh,731.9893384,28.45529465,69.39264572,146.3939991,6.489566581,49.37466311,9.071579765,3433.03543
Rice,Central,Chhattisgarh,723.5675,28.64926739,67.74193177,140.7416891,6.462051465,48.04251833,8.845517997,3535.058642
Rice,Central,Chhattisgarh,709.8726205,28.11308546,66.68662131,143.6984548,6.424497939,49.55892354,8.861258924,3431.043192
Rice,Central,Chhattisgarh,735.5820228,27.28096473,70.16839649,146.0515152,6.509919676,49.98163529,8.796448511,3382.670351
Rice,Central,Chhattisgarh,741.8897109,26.95186259,66.92247833,143.7252651,6.51280853,52.38662201,8.745651837,3275.305723
Rice,Central,Chhattisgarh,717.1866472,27.51908345,67.30562701,148.8540111,6.447308225,50.85562879,8.559619554,3265.799301
Rice,Central,Chhattisgarh,721.7627675,29.0049158,67.45039539,133.9937826,6.400055555,50.06805917,9.022754171,3406.318379
Rice,Central,Chhattisgarh,734.1892526,28.69735576,66.92081756,149.4745528,6.418399256,48.19010433,8.538591721,3308.773205
Rice,Central,Chhattisgarh,728.8434696,28.0684609,68.12376671,140.3622333,6.490487958,47.00510666,9.172645795,3304.456089
Rice,Central,Chhattisgarh,717.777847,28.9533642,65.51550693,139.3720644,6.445188984,49.86425724,8.986326326,3460.95132
Rice,Central,Chhattisgarh,794.2998829,26.65034053,69.21747118,142.2143471,6.470679243,48.76045574,8.718246066,3602.678725
Rice,Central,Chhattisgarh,751.0574332,28.01391759,70.7020315,137.4373552,6.433464743,45.64406454,8.760117092,3374.254779
Rice,Central,Chhattisgarh,732.5714644,28.08960515,65.17788634,149.0157737,6.511981376,51.46610856,8.521447564,3396.723629
Rice,Central,Chhattisgarh,700.305869,27.76160605,69.0687298,145.455468,6.457423001,50.01254631,8.593692937,3522.540109
Rice,Central,Chhattisgarh,724.8678995,28.67112997,66.94693663,142.3821201,6.461790661,51.75234786,8.758113769,3446.689315
Rice,Central,Chhattisgarh,720.4386901,26.81442202,66.85937186,139.1044589,6.501695136,47.61918453,9.08519502,3336.338621
Rice,Central,Chhattisgarh,725.5601001,28.39353528,69.92781387,144.8995062,6.461439985,46.45206077,8.762790049,3257.418163
Rice,Central,Chhattisgarh,732.6764363,27.79291187,69.37586594,141.9350836,6.497147942,52.36797489,8.968365043,3340.994369
Rice,Central,Chhattisgarh,714.951389,27.62006116,66.29877349,142.2949657,6.537783292,49.55622346,8.630045386,3615.225394
Rice,Central,Chhattisgarh,737.9991298,27.15583396,67.11630215,145.5544319,6.585229605,47.78377508,9.095208144,3559.922964
Rice,Central,Chhattisgarh,714.2836424,27.83349183,65.92738151,143.9826943,6.498170501,51.3193,9.118036694,3237.78559
Rice,Central,Chhattisgarh,680.8168734,27.98725313,68.58707506,146.2470884,6.483666338,50.2495042,9.203088962,3407.260125
Rice,Central,Chhattisgarh,720.6657894,27.69988131,67.66029528,153.1836998,6.490834965,49.96041131,8.803537286,3514.847504
Rice,Central,Chhattisgarh,778.9959314,28.27036783,68.16554581,145.1839142,6.380784661,51.49030173,8.926833283,3414.251308
Rice,Central,Chhattisgarh,712.2134451,27.76932587,67.17795013,150.1081149,6.481062008,54.16532064,8.986172484,3158.647601
Rice,Central,Chhattisgarh,726.7863427,27.60899493,63.61123506,152.9973547,6.535157127,51.06641464,8.933080732,3142.697365
Rice,Central,Chhattisgarh,717.9095715,28.50506846,65.89755994,132.3411534,6.4886447,49.71648489,8.927112683,3459.277797
Rice,Central,Chhattisgarh,745.9401453,28.15526188,70.39106278,137.4051511,6.525229091,51.25307673,8.652087543,3124.569409
Rice,Central,Chhattisgarh,711.3514468,27.60307513,69.50683893,141.9273061,6.457182574,48.77673253,9.123726467,3351.956506
Rice,Central,Chhattisgarh,725.5187244,27.9339967,70.58412067,141.2541414,6.565775415,50.4209926,8.867916124,3725.135075
Rice,Central,Chhattisgarh,703.6090128,27.78778854,65.53513752,149.7623099,6.584459447,53.33984556,9.144789751,3320.35693
Rice,Central,Chhattisgarh,720.8689756,26.99729814,72.07174707,147.3448904,6.475402155,52.65611378,8.705447097,3410.993305
Rice,Central,Chhattisgarh,725.6842716,28.38320628,67.87285292,137.7453605,6.503778819,52.09772828,8.894156719,3466.267268
Rice,Central,Chhattisgarh,703.8617629,27.98424352,66.75097909,148.7349042,6.501574578,51.38014735,9.117542085,3453.742786
Rice,Central,Chhattisgarh,736.8279609,27.40107264,67.99442778,142.334548,6.482796802,49.2509317,8.704014885,3056.399212
Rice,Central,Chhattisgarh,713.2964238,28.11602767,65.30364591,145.0784112,6.595013421,52.04611311,9.228708302,3408.669182
Rice,Central,Chhattisgarh,759.1877456,27.56562116,66.71131947,131.304299,6.559307274,53.08064796,8.789364551,3311.907244
Rice,Central,Chhattisgarh,711.1534472,28.22959213,70.24986509,136.2861401,6.520471927,49.44665646,8.922678878,3418.8491
Rice,East,Odisha,585.294939,30.93784789,59.57224966,124.851581,6.720937998,38.44116708,8.145809656,2643.213039
Rice,East,Odisha,612.466729,31.02261794,61.31906294,128.832559,6.751930303,38.18631668,8.297802166,2316.967561
Rice,East,Odisha,585.7903769,30.8043925,60.78073239,119.2304739,6.683980747,34.44120214,8.212006434,2771.497656
Rice,East,Odisha,632.8976908,30.94148477,60.65562215,124.7623908,6.659455303,38.73362809,8.251901979,2829.723666
Rice,East,Odisha,593.7850762,31.17907109,58.43480281,123.5351618,6.804235646,35.98417661,8.332048198,2734.741121
Rice,East,Odisha,609.6601553,30.66427223,54.33393942,126.7959475,6.738025306,34.51410494,8.278486242,2935.227364
Rice,East,Odisha,626.1949105,31.56318401,59.64777513,120.4149371,6.69345371,40.25647957,8.224831519,2579.130052
Rice,East,Odisha,615.2568647,30.97338313,62.75693471,116.642439,6.697261082,36.15517403,8.401472536,2478.217959
Rice,East,Odisha,577.8091645,30.13824768,61.38784647,123.5829467,6.613486863,40.66777149,8.899483025,2706.900958
Rice,East,Odisha,573.9721435,32.69459835,57.362063,120.1005323,6.708981114,40.69029524,8.471947795,2625.204916
Rice,East,Odisha,566.2203907,30.79490691,57.98614528,120.2391266,6.671790191,35.01192441,8.651029158,2625.349121
Rice,East,Odisha,558.2965799,30.89904452,60.13674313,111.2676664,6.716582383,35.90568486,8.742205762,2778.594077
Rice,East,Odisha,580.0025002,30.55289934,59.79006458,123.0639537,6.698725294,37.56568239,8.411674058,2609.42116
Rice,East,Odisha,581.4198518,29.74852454,61.94745246,121.4939889,6.661327208,41.79746996,8.417403296,2544.578464
Rice,East,Odisha,611.4184355,31.23882893,60.78915997,117.871222,6.722524786,37.47648342,8.51118829,2414.258332
Rice,East,Odisha,579.1531634,32.03329306,58.46586509,116.9808085,6.677601933,35.57038773,7.958343845,2665.41204
Rice,East,Odisha,593.3964856,30.96849696,59.71024288,120.2152044,6.751142074,37.61910763,8.285183485,2657.831177
Rice,East,Odisha,604.483669,31.84721613,58.74371252,120.4946689,6.716917872,36.01484399,8.404083433,2480.148921
Rice,East,Odisha,545.7737424,31.22004784,59.23225052,121.011402,6.699105251,36.0471999,8.39094914,2515.034804
Rice,East,Odisha,624.774309,30.18641779,59.60842946,114.7886421,6.728521059,37.33713726,8.296266656,2827.980232
Rice,East,Odisha,590.7357648,31.30998667,58.03734813,112.9759153,6.705360398,37.36230729,8.525286934,2688.013732
Rice,East,Odisha,595.1268835,30.02597048,63.77687388,119.1787901,6.734879349,36.32781666,8.46160198,2504.573285
Rice,East,Odisha,601.301696,30.78641555,60.05838101,123.4898702,6.638372984,36.63101654,8.491464856,3014.733221
Rice,East,Odisha,586.5479416,31.35468167,59.78605706,129.711228,6.612638917,38.18924209,8.074891193,2324.014264
Rice,East,Odisha,597.4365513,31.08369868,59.43032612,119.4690295,6.854914972,37.48364972,8.502024872,2602.595277
Rice,East,Odisha,597.3808144,30.85705979,59.17896303,129.0944927,6.758859248,38.27349329,7.939157613,2645.848617
Rice,East,Odisha,657.5756891,30.861603,62.20643514,127.209712,6.710948196,36.31635674,7.912937534,2802.624481
Rice,East,Odisha,569.6310999,31.10569027,57.50035932,118.6738123,6.701685953,38.53718716,8.177035563,2879.536642
Rice,East,Odisha,575.0776304,29.99531832,59.78195316,120.1718765,6.708029472,40.72426481,8.352710233,2682.057056
Rice,East,Odisha,562.4203905,31.4923321,60.36861813,117.8998614,6.604766265,40.88882439,8.154464007,2611.308299
Rice,East,Odisha,598.9586128,30.28206524,57.01298044,109.3802621,6.736049848,36.90962751,8.985454018,2550.84674
Rice,East,Odisha,566.9637244,30.66076422,60.48626931,117.6489833,6.730616611,36.04282322,8.123681656,2430.267789
Rice,East,Odisha,534.4106458,30.68915859,59.39803938,116.8428149,6.76217029,40.45606042,8.333039403,2430.911833
Rice,East,Odisha,575.8323723,30.64010716,58.68573008,116.5114055,6.667326855,37.22691677,8.27289178,2731.248376
Rice,East,Odisha,599.0092179,30.45361295,62.54213065,115.0996885,6.619109969,38.76155614,8.236518373,2748.193721
Rice,East,Odisha,529.908285,31.83547356,61.34458682,112.4976173,6.626061144,41.34453181,8.252524019,2574.872273
Rice,East,Odisha,533.3486976,30.78953308,59.54456077,123.5774655,6.630046079,34.95942642,8.490192527,2851.009511
Rice,East,Odisha,550.7211912,31.64890845,60.07508368,125.4590267,6.696488982,32.95544417,8.369606524,2859.021573
Rice,East,Odisha,567.6563495,30.76722102,59.64773299,105.5024306,6.783567379,36.19724864,8.501147086,2686.99483
Rice,East,Odisha,621.4404764,31.24363367,59.53015146,115.5324245,6.739892535,34.25311739,8.529178084,2535.143287
Rice,East,Odisha,621.3070915,31.09677973,61.28824754,120.4099441,6.612381145,36.27854167,8.534477868,2724.998373
Rice,East,Odisha,619.5247476,31.24196474,58.06659622,116.0196793,6.70514587,33.37191187,8.734688377,2766.26201
Rice,East,Odisha,620.6758649,30.05163764,62.48913032,131.1574946,6.633956082,39.54280359,8.400221989,2468.334923
Rice,East,Odisha,602.3220993,31.50016192,58.79774689,125.8295826,6.61666183,35.01048771,8.427319479,2703.807792
Rice,East,Odisha,572.0856628,31.48575666,61.06178863,124.2906954,6.693843178,39.20516054,8.310869939,3008.072804
Rice,East,Odisha,569.6863557,32.26317846,60.06977589,113.1224456,6.768403968,38.25180278,8.57022482,2883.578388
Rice,East,Odisha,598.4488889,30.64465549,61.95142676,120.0037775,6.734292891,33.69253885,8.489396343,2604.212126
Rice,East,Odisha,631.3327409,31.37385241,60.47971549,122.43155,6.650077957,41.24651338,8.798274084,2758.937027
Rice,East,Odisha,629.7600892,30.65851108,58.40577287,120.2046237,6.721747052,37.21202664,8.507553638,2745.958422
Rice,East,Odisha,565.0423306,31.31127581,61.72705649,120.8573466,6.757632405,35.56519241,8.493590084,2524.457894
Rice,East,Odisha,562.147966,30.6214415,58.11587963,117.2600209,6.689292484,39.67430897,8.335768192,2462.156144
Rice,East,Odisha,618.5016962,30.49774592,59.88255915,122.2326825,6.709980521,40.1883591,8.495800629,2570.803563
Rice,East,Odisha,644.4640543,31.11660008,59.70531955,124.8196271,6.712472547,38.79845639,8.8984368,2658.731786
Rice,East,Odisha,582.0559776,31.06994711,62.14303187,112.4673298,6.601722205,36.82576946,8.073215408,2636.275298
Rice,East,Odisha,602.5624924,30.46555068,57.14634685,120.3466858,6.743127174,34.61005312,8.56404648,2822.595931
Rice,East,Odisha,613.8521276,31.73108813,64.40402785,118.2195398,6.705478579,37.16712313,8.400395369,2929.931003
Rice,East,Odisha,556.3746379,30.4833702,62.75436187,125.1001825,6.681843418,39.708804,8.468243168,2925.041191
Rice,East,Odisha,591.8627398,31.61537927,65.28402382,122.9904958,6.702466408,39.44489397,8.326943828,3058.195156
Rice,East,Odisha,594.5017759,30.83624001,58.32862199,125.486101,6.743359371,37.00529126,8.515290269,2473.716605
Rice,East,Odisha,594.6242644,31.27165381,63.41465962,116.145906,6.636082369,36.20914408,8.1326863,2900.498604
Rice,East,Odisha,628.7159824,31.19212995,62.44258989,120.6697919,6.695244418,37.33392476,8.337921802,2467.829767
Rice,East,Odisha,596.6063691,30.97579965,61.49072145,120.4676175,6.691864815,36.25761394,8.414430647,2810.735585
Rice,East,Odisha,561.4165252,31.05248425,60.4660859,116.4096761,6.670607185,38.4612217,8.173315796,2752.488557
Rice,East,Odisha,567.6161407,31.63771222,64.67565549,115.696216,6.726710393,36.54651619,8.608190835,2510.211239
Rice,East,Odisha,602.014669,30.47620662,59.58603082,114.8448736,6.741117524,36.32603929,8.510392852,2648.385296
Rice,East,Odisha,587.1381907,31.08865354,58.47635066,121.0518356,6.776516728,36.44381043,8.634362029,2924.714645
Rice,East,Odisha,569.5961253,30.12696724,60.6039218,117.2629624,6.793430161,38.06961508,8.239560118,2527.926073
Rice,East,Odisha,617.247624,30.65728962,60.0876576,124.7790137,6.675787082,37.90814234,8.396686318,2802.498677
Rice,East,Odisha,604.7686084,30.86793176,60.12729812,118.1411049,6.62611938,38.51520171,8.778438352,2567.442129
Rice,East,Odisha,570.6742573,30.47756334,61.44918356,122.2424273,6.692073115,36.16396188,8.418475358,2465.306681
Rice,East,Odisha,593.5856642,31.52291463,57.49760173,112.3374086,6.778971895,36.77648072,8.627189569,2676.90035
Rice,East,Odisha,585.9511296,31.26304762,58.23200229,120.6624857,6.680925529,35.35901311,8.467496415,2660.503829
Rice,East,Odisha,586.0743793,30.27390343,63.18280074,124.3835709,6.748207794,37.3891106,8.054163422,2992.937607
Rice,East,Odisha,588.4725623,30.55072012,60.83360315,125.8356039,6.698847472,40.55715034,8.616599988,2538.542822
Rice,East,Odisha,573.1552474,31.5745223,54.57477487,119.2527215,6.62845844,37.0468924,8.340235982,2646.263343
Rice,East,Odisha,576.1934687,30.34171381,64.58382253,129.33731,6.641896709,41.1642335,8.320106902,2719.378121
Rice,East,Odisha,588.418151,30.60415082,61.96770469,120.6294327,6.676172429,35.39082111,8.221280997,2453.792983
Rice,East,Odisha,590.3055887,30.28200064,59.46887897,126.8505093,6.759964979,37.93544621,8.382583055,2981.981182
Rice,East,Odisha,603.018903,30.80331612,57.14796377,121.9693661,6.741466189,36.73669695,8.458240551,2645.464006
Rice,East,Odisha,585.39919,29.50730677,59.55643719,124.8468465,6.668429872,38.10505274,8.248809859,2754.066251
Rice,East,Odisha,584.5869201,30.43645508,62.66510294,124.6446601,6.669754662,38.99557662,8.507482401,2796.345185
Rice,East,Odisha,547.6436026,31.60396392,58.86060207,118.2108603,6.831894088,38.60374676,8.322735505,2369.205844
Rice,East,Odisha,624.7441033,30.1928742,57.99312219,118.3432385,6.77082059,39.54647997,8.368432498,2746.24381
Rice,East,Odisha,574.9903577,31.08379221,60.14667349,124.8438495,6.748358906,38.98795476,8.327530488,2811.273344
Rice,East,Odisha,587.7007883,30.35085138,59.19342442,120.4226349,6.745510789,37.63294366,8.158160258,2708.511252
Rice,East,Odisha,592.836401,31.11150258,61.83974303,125.0946162,6.670289456,36.76771308,8.191960258,2804.822351
Rice,East,Odisha,626.2205027,30.81095084,59.51713887,127.3339128,6.725277893,38.87247141,8.161816699,2801.80921
Rice,East,Odisha,566.7715915,30.31958789,59.30645685,117.0710364,6.688920015,35.11803673,8.591763261,2869.152944
Rice,East,Odisha,541.3164381,31.58707468,58.37894274,124.2848777,6.696577675,38.05755113,8.36298047,2881.819381
Rice,East,Odisha,559.0102997,31.3647042,62.20266033,123.5817004,6.816234946,36.94210647,8.591460965,2684.086405
Rice,East,Odisha,620.8351519,30.9953866,59.22424844,126.530361,6.675421903,35.17454848,8.296630623,2792.854942
Rice,East,Odisha,624.8009688,31.06667763,62.63639413,113.2091254,6.677836827,37.42284977,8.377088115,2712.614158
Rice,East,Odisha,607.2727739,30.7331159,60.27805737,119.7743855,6.653705505,37.77266662,8.371268094,2675.237915
Rice,East,Odisha,590.7939864,31.04540412,59.13540964,126.3635737,6.641525969,36.55805978,8.955992725,2544.301297
Rice,East,Odisha,556.1561331,31.44068605,55.84576029,118.8236305,6.807291246,34.91012816,8.003607103,2475.12282
Rice,East,Odisha,612.4589892,31.67486603,58.97482241,123.416062,6.769512766,41.57469283,8.350732944,2354.779242
Rice,East,Odisha,569.4780269,30.74391748,59.48212241,119.060703,6.75594473,40.54885685,8.365665269,2864.772731
Rice,East,Odisha,598.9415342,31.03870358,61.81308831,120.3612602,6.802890559,35.12317767,8.29696582,2681.022165
Rice,East,Odisha,600.9863173,31.76077629,59.95120287,112.8888518,6.742125695,39.50991753,8.011628268,2699.42938
Rice,East,Odisha,550.2464542,30.60120934,58.19438215,124.0463235,6.705841509,35.428818,8.576013193,2484.929126
Rice,North,Haryana,568.2528448,22.5115936,55.26864583,127.5213537,6.72607247,43.67393815,7.98354926,2945.967629
Rice,North,Haryana,549.0565669,23.10919393,56.8789721,124.5084508,6.609812476,41.66294179,8.072912295,2797.973979
Rice,North,Haryana,527.8903241,23.88552749,56.98289102,123.8545948,6.643148356,39.35637034,8.260518079,2920.649291
Rice,North,Haryana,546.2353233,23.30581354,54.37120363,132.5042152,6.767640027,40.06685186,7.874265951,2507.28002
Rice,North,Haryana,522.9604807,22.19631814,56.27038068,123.3688315,6.632733226,40.43767192,8.10106743,2979.175902
Rice,North,Haryana,512.508243,22.92304191,53.23331845,129.5086435,6.739207321,39.20394555,7.84679096,2830.809942
Rice,North,Haryana,503.6801651,23.2015809,55.45431091,129.8508754,6.645079539,39.7617541,7.698694948,2749.356415
Rice,North,Haryana,530.4504501,23.59758421,54.6034763,125.6208784,6.68096183,38.46106947,7.966339915,2989.8655
Rice,North,Haryana,529.8060152,23.48546767,54.30055816,122.5850804,6.726534156,39.67312769,8.007514972,2852.796376
Rice,North,Haryana,563.2342002,21.57155654,52.34063637,128.079835,6.75185907,39.17902659,7.95119433,2944.207888
Rice,North,Haryana,577.33044,21.78339364,54.22791951,123.3371031,6.73515701,45.99686097,7.954398855,2688.953381
Rice,North,Haryana,570.0567019,23.79259747,56.21602824,120.4667573,6.747899697,42.32709124,7.794783831,2957.213843
Rice,North,Haryana,584.9316392,23.70913403,55.86710205,123.2096028,6.761363691,38.57967899,8.087715858,2694.496006
Rice,North,Haryana,586.6344068,22.84517269,58.53716647,127.4570638,6.638838988,43.84925546,8.310249053,3032.342974
Rice,North,Haryana,540.9603034,22.81639163,56.29085443,121.481448,6.784617329,41.28865294,7.459330391,2950.903372
Rice,North,Haryana,551.2960651,22.95504407,55.26276127,129.0352321,6.755984389,41.56610632,7.932137763,2893.799419
Rice,North,Haryana,560.4899904,22.51854198,57.1578573,127.3002116,6.777022062,43.51069956,7.862865016,3023.044756
Rice,North,Haryana,536.2261654,23.41755926,54.9667716,119.8837339,6.714002267,35.65086574,7.649804885,2873.376217
Rice,North,Haryana,562.0610442,22.77840874,52.8411274,120.9105408,6.719560466,42.16356354,7.996755376,3073.525067
Rice,North,Haryana,569.9349256,22.55152661,55.43899589,117.9856692,6.69459305,43.22420124,8.137058017,3110.301399
Rice,North,Haryana,552.4278689,23.80765988,55.61339155,132.3579254,6.698907163,42.41446275,8.295022473,2870.985856
Rice,North,Haryana,565.4597247,23.77331806,55.73399367,118.3955386,6.807150353,40.06047107,8.03175121,3073.401
Rice,North,Haryana,544.7876524,22.39527925,56.50747459,116.034618,6.685604696,41.49007733,7.946009621,2668.482359
Rice,North,Haryana,599.8544489,23.06212289,58.86230424,123.6998187,6.655999401,41.53836184,7.956842575,2723.335781
Rice,North,Haryana,596.7446065,22.62663787,52.31946723,131.6408303,6.674785099,39.78435221,7.646922483,3161.141223
Rice,North,Haryana,527.7629853,23.03506969,57.82524065,127.1085847,6.697017284,37.59666828,7.838055033,2928.170051
Rice,North,Haryana,540.3206483,23.12201568,57.36348682,129.8125144,6.638691032,45.39329211,8.153495869,2899.742877
Rice,North,Haryana,587.2384146,24.41924466,53.1225598,123.8736868,6.581078417,41.38530307,8.073078848,2894.125683
Rice,North,Haryana,543.6366607,21.77029129,56.74706737,132.2771724,6.670449077,41.88011986,7.686371137,2968.58196
Rice,North,Haryana,550.1654426,22.54254923,54.47927272,123.0319421,6.719121666,38.3756736,7.920576934,2893.779233
Rice,North,Haryana,532.5240194,24.07799912,54.29300904,121.6528154,6.651084603,44.59696017,8.110581046,2759.511199
Rice,North,Haryana,587.655789,23.12041922,56.51450684,123.277614,6.662529201,41.6755322,7.890982554,3172.513344
Rice,North,Haryana,528.2677224,23.92169406,55.7773623,126.4954287,6.741657888,39.73950141,8.172849677,2493.868422
Rice,North,Haryana,542.0002617,22.44556232,53.49298798,123.9252258,6.719287498,42.40532,8.048175351,2800.14598
Rice,North,Haryana,569.2254109,23.07457142,57.87211234,128.8846835,6.701523821,39.20549399,7.869409969,2817.531596
Rice,North,Haryana,552.1183417,23.16083026,57.43034878,124.7444065,6.700806239,41.28661261,7.896818937,2761.191161
Rice,North,Haryana,516.1140526,22.58291039,56.94629091,121.4854428,6.688109648,41.93286257,8.104137899,2738.070072
Rice,North,Haryana,584.9264839,23.67641005,53.74030029,120.8808157,6.759554534,40.70629296,7.556044411,2690.047774
Rice,North,Haryana,553.7657594,22.30217441,55.17315246,125.1619811,6.77311273,40.41909217,8.21450836,3114.314024
Rice,North,Haryana,595.8577417,23.17085276,52.0734217,127.3041243,6.752419994,40.83786579,8.348916774,3028.975034
Rice,North,Haryana,574.2068344,23.65182843,56.6667397,112.5359475,6.675043052,43.39433605,7.838481732,2866.479124
Rice,North,Haryana,533.8790922,24.07035356,59.36298491,120.5806555,6.7073649,39.6390119,8.122988928,2976.452462
Rice,North,Haryana,580.2926393,23.19915107,61.87081241,119.8603812,6.614469832,40.2138196,7.686402347,2676.130659
Rice,North,Haryana,534.9671336,22.44668666,54.0907638,127.5910948,6.674690547,40.64097085,8.178846555,2785.051621
Rice,North,Haryana,553.3863525,23.21945599,52.1168644,113.0754725,6.717305866,41.98402856,8.412844027,2923.714231
Rice,North,Haryana,580.4934929,22.88271641,56.59445444,133.3362842,6.593800359,41.82723252,8.427117346,2942.305133
Rice,North,Haryana,601.2643241,22.62247271,55.93590501,125.1676235,6.589120446,38.66364434,7.780624984,3023.309912
Rice,North,Haryana,581.8038276,23.19442187,57.64820579,124.1792529,6.760096583,41.01757689,8.011572809,2860.161105
Rice,North,Haryana,577.1112619,22.74728071,57.95286275,119.3392543,6.645054187,42.37485351,7.982291157,2831.916288
Rice,North,Haryana,582.2514433,22.63564315,55.59959749,131.9961398,6.776957117,44.14479642,7.943574845,3084.605436
Rice,North,Haryana,536.2761793,22.45585828,51.29908829,133.364341,6.656801008,40.74693484,7.817935132,3004.274787
Rice,North,Haryana,550.6091585,22.21710987,56.88332513,117.8313499,6.658129714,36.78622177,7.715208378,2926.779375
Rice,North,Haryana,510.886599,22.11131257,55.99526217,122.2819655,6.799601832,44.66779309,7.826415507,2983.570643
Rice,North,Haryana,578.7320639,22.64151269,53.00891693,124.9385078,6.691357716,40.12847101,8.088463374,2787.390559
Rice,North,Haryana,531.2000613,23.06544978,56.77194019,119.1167753,6.746404531,37.45903772,7.884377308,2861.29872
Rice,North,Haryana,544.0944072,22.66096372,59.74214896,120.7455796,6.822061086,41.87425356,8.018411027,2971.436053
Rice,North,Haryana,623.2481937,22.4038442,53.75916416,121.225669,6.701607157,37.54845775,8.004467848,3154.03207
Rice,North,Haryana,563.7851848,22.82438872,54.7636791,129.4925585,6.658708361,44.69279184,8.38667195,2938.51262
Rice,North,Haryana,559.7121228,23.61839588,58.189597,120.9700413,6.673672243,38.35530513,8.081812988,2999.994183
Rice,North,Haryana,526.2518591,22.72688066,53.30549216,120.5060009,6.727550853,39.53303587,7.939834809,2655.903241
Rice,North,Haryana,564.6747552,22.97343601,54.5420815,124.0549285,6.709014744,39.3702637,7.704747491,3170.836165
Rice,North,Haryana,544.1681824,22.94194394,58.02167947,142.6452759,6.637775678,41.89965443,7.858489543,2819.181454
Rice,North,Haryana,541.9946995,22.32460702,55.91741728,117.6274866,6.747340378,41.11000587,8.084486995,2830.071708
Rice,North,Haryana,550.8199016,23.17253834,53.67189874,123.2100478,6.657019324,39.21886238,7.578032352,3100.898988
Rice,North,Haryana,542.8365312,23.69802563,58.13758464,118.5700015,6.645579438,46.12100592,8.350185188,2895.272223
Rice,North,Haryana,566.4343277,22.62149216,56.86470543,121.4140905,6.598382312,38.35688843,8.00421855,2730.339915
Rice,North,Haryana,558.3180634,22.35520338,54.43529215,129.2658265,6.712374027,40.98067116,8.175792795,2972.091289
Rice,North,Haryana,596.1640823,22.72408444,55.14073004,118.4944537,6.678550964,42.92953979,8.259997474,3044.045775
Rice,North,Haryana,515.1452033,23.64988713,52.32296275,129.4905866,6.681610774,42.40506663,7.73351033,3075.675145
Rice,North,Haryana,523.3756313,22.59892705,54.00381074,116.2285757,6.704726378,44.61217824,8.533381044,2914.573368
Rice,North,Haryana,587.9170319,23.13925678,56.99776639,123.2892567,6.709753846,42.07495741,7.884308054,2888.375855
Rice,North,Haryana,558.539247,23.49584199,53.86793566,124.742289,6.795600273,43.32812031,8.26983581,2903.664776
Rice,North,Haryana,568.0249391,23.6013417,59.12051106,115.2419854,6.634227935,43.6188882,7.944622129,2799.241882
Rice,North,Haryana,528.6459753,22.66698998,53.19526143,135.4554714,6.698878197,40.88409892,8.117615335,3044.351775
Rice,North,Haryana,583.6472039,23.64417317,54.7383089,123.510666,6.738451583,39.94522188,7.998978674,2959.814565
Rice,North,Haryana,579.6296271,21.93339142,57.4294913,123.8313797,6.735372886,42.55386338,8.321583012,3103.018047
Rice,North,Haryana,593.6642916,23.86620219,56.58275797,125.1609254,6.743640854,42.4641619,7.938186753,2960.723511
Rice,North,Haryana,559.1225883,22.48764025,58.58092148,125.2759962,6.802435413,37.74901546,7.888644245,2904.895826
Rice,North,Haryana,588.4345274,23.23968162,56.62094551,119.363681,6.64215293,41.64500932,7.727178801,2820.218337
Rice,North,Haryana,572.5229332,22.41060544,59.21071192,131.1196817,6.621429,39.13525751,7.542844551,2782.611296
Rice,North,Haryana,579.1597119,22.75166303,56.92159449,117.3883284,6.739898763,39.88978154,8.002433936,2886.068825
Rice,North,Haryana,528.211287,22.3081494,57.93558894,126.9949608,6.752502452,41.64931647,8.028598127,2641.098407
Rice,North,Haryana,553.2408326,22.98356941,59.9062144,128.4347832,6.776803059,42.19507541,7.857739355,2917.568632
Rice,North,Haryana,565.9055912,22.43650666,55.23122525,123.971165,6.780280992,36.83851895,8.241163684,2759.480715
Rice,North,Haryana,525.6980203,23.70796528,57.46379614,131.2725935,6.740035097,45.11969,8.111744767,2876.528394
Rice,North,Haryana,568.5731594,23.74608148,54.44124935,121.7405571,6.684551999,36.7908344,8.027615682,2617.080694
Rice,North,Haryana,561.3264828,23.51917385,55.04624708,133.3855794,6.626974955,43.38252136,8.135027411,2642.595013
Rice,North,Haryana,627.7698575,22.96175283,54.24503196,117.964564,6.688999099,40.74518626,8.020529106,2855.330577
Rice,North,Haryana,575.8306328,22.7674221,52.13007177,124.2531925,6.581626117,41.70754126,7.804139954,2924.504053
Rice,North,Haryana,592.8518745,22.43075078,58.12251252,122.8330522,6.78765974,40.26969477,7.831901403,3003.085768
Rice,North,Haryana,549.1052568,22.49513029,55.0443203,124.7769673,6.767109007,37.13182451,8.004616132,2993.735539
Rice,North,Haryana,564.8362144,23.7859191,55.85130934,124.0772428,6.729616477,41.19862763,7.921918252,2977.421606
Rice,North,Haryana,543.6867927,22.63329371,54.94401196,131.7653458,6.538949182,41.79119767,8.006854363,2647.869431
Rice,North,Haryana,567.7431695,23.2854512,57.17927846,111.7408597,6.768319471,39.52452659,8.137313549,3011.161067
Rice,North,Haryana,538.0825729,23.39627597,55.22901352,114.6431141,6.758387096,39.44991007,7.829101307,2839.54012
Rice,North,Haryana,566.8059181,22.96563775,57.09613385,118.3025532,6.662880681,40.76800586,8.379577459,2882.928119
Rice,North,Haryana,587.1305566,23.0231331,55.03268273,123.7663779,6.691579014,42.20729148,8.274922254,2953.952127
Rice,North,Haryana,589.676942,22.42112616,55.17073898,121.3784873,6.71572223,40.28208323,8.145954587,2760.349743
Rice,North,Haryana,561.0757743,23.41211475,51.86939445,135.6081565,6.685842406,36.94992017,8.03161878,2905.01652
Rice,North,Haryana,557.9526405,23.59471467,57.49488994,126.489381,6.722507782,40.7912831,8.35509817,2678.120597
Rice,East,West Bengal,763.4912919,26.03901478,74.62656081,160.7807306,6.31281637,56.31364603,8.956246098,4173.439911
Rice,East,West Bengal,728.2409488,26.69281626,77.73482873,163.1111756,6.335452889,55.18605127,8.902800993,4034.568181
Rice,East,West Bengal,745.2151318,26.93311912,70.77093537,156.3039742,6.455335521,51.45075794,8.859174046,4417.652169
Rice,East,West Bengal,759.6989112,25.32753941,72.88520507,164.7459961,6.408032497,57.32452596,8.692177766,4203.132208
Rice,East,West Bengal,766.1278571,26.43607643,71.7437012,171.4319107,6.38714738,56.55510503,8.713378785,3800.460256
Rice,East,West Bengal,777.2051327,25.7338359,71.29235382,161.7840833,6.434947654,54.74192428,8.876469014,3952.254163
Rice,East,West Bengal,712.0662778,25.11732416,73.67255578,161.3148532,6.452836246,57.93361421,9.043833733,4222.965768
Rice,East,West Bengal,757.9227668,26.38932916,71.83119805,177.2618496,6.499181683,56.02376087,8.977317246,4153.89464
Rice,East,West Bengal,756.3215124,25.60602556,74.7479795,165.3921962,6.409149722,54.33145731,8.55646557,3985.421361
Rice,East,West Bengal,782.624051,25.86451595,75.87285904,161.4804184,6.347264777,55.86553939,8.883481485,4065.49531
Rice,East,West Bengal,740.6259294,26.82085654,76.93383393,164.8042799,6.462485521,53.88700586,9.115044308,4107.091461
Rice,East,West Bengal,781.585932,25.99066215,67.09150212,161.7913643,6.368704199,54.04349012,8.924448601,3887.155483
Rice,East,West Bengal,739.3846998,25.36471991,71.56897403,170.6074961,6.366948747,54.97012259,8.808660477,4000.849027
Rice,East,West Bengal,771.4062372,24.17320608,75.04327043,172.1818402,6.347490673,54.05540351,8.809949322,3836.599397
Rice,East,West Bengal,765.5981718,24.83208483,70.76414478,172.695986,6.353589002,58.48685656,8.971067639,3678.609843
Rice,East,West Bengal,775.8832299,25.92939962,72.08906589,166.2247855,6.423731674,57.41518364,9.13565057,4011.220387
Rice,East,West Bengal,725.6091478,25.71581273,78.88609667,168.6224553,6.518464365,58.79086816,8.948360414,3995.21106
Rice,East,West Bengal,759.085499,24.95731723,73.0360945,171.0533728,6.370018,56.823906,9.070318209,3813.547934
Rice,East,West Bengal,748.7174284,25.38925311,71.35566879,158.5619736,6.354977577,58.83891136,8.716904594,3968.968883
Rice,East,West Bengal,747.4282812,26.70731956,75.62232459,169.3203499,6.415306728,55.53788093,8.661625059,4241.529332
Rice,East,West Bengal,741.0081746,26.39818781,75.11913115,162.2235975,6.451900626,57.52842641,9.245592767,3879.59803
Rice,East,West Bengal,727.8533996,25.69670615,73.41770709,165.2910636,6.380328105,52.18160508,8.994096599,4245.851672
Rice,East,West Bengal,771.606281,26.36548131,74.14489061,166.9852333,6.446583298,56.79074736,8.837464566,3830.601663
Rice,East,West Bengal,753.7756586,26.1884777,72.36783408,166.5716934,6.421957507,57.66635886,9.156558994,3961.701113
Rice,East,West Bengal,727.3055859,25.79293754,73.08812513,155.8211562,6.469433226,56.28475583,8.976270567,4154.828969
Rice,East,West Bengal,744.2464292,26.34442516,72.78027175,164.0795657,6.361390381,59.33120643,8.824899992,4054.919637
Rice,East,West Bengal,713.1248153,26.70799312,75.10442231,165.4871706,6.388652877,56.80000001,9.357758132,3685.514495
Rice,East,West Bengal,779.5506847,25.45302962,72.96016321,163.7605994,6.378584087,55.97906974,8.673165771,4104.377065
Rice,East,West Bengal,715.1464122,26.32385871,72.34692829,159.1453755,6.410119169,52.88609783,8.907942764,3736.568464
Rice,East,West Bengal,771.5318021,25.4453856,72.09801197,166.4697469,6.361372894,55.884072,8.5972339,4044.631341
Rice,East,West Bengal,804.1228451,27.67532532,73.18233629,168.9410207,6.310968716,59.00546865,9.055245701,3877.409983
Rice,East,West Bengal,790.92952,25.84731435,72.08394963,167.3766746,6.346832275,58.04324953,8.688802038,3792.491782
Rice,East,West Bengal,737.2577553,26.45570002,71.76644928,158.2600211,6.369716,55.93591526,8.663805503,3777.247834
Rice,East,West Bengal,812.7824084,25.48366076,72.35391526,163.163815,6.37893216,57.24269348,9.08962859,3904.106835
Rice,East,West Bengal,729.0880428,26.76466414,72.80931782,173.6516091,6.287720705,56.39080644,9.283721267,3897.01038
Rice,East,West Bengal,754.3626644,26.17730701,71.88240836,163.4396403,6.383109245,54.74515853,9.14577131,4019.161705
Rice,East,West Bengal,766.2657058,26.4851426,72.47128833,161.1289809,6.369868785,56.00356608,8.688157658,3874.960848
Rice,East,West Bengal,747.097084,27.27473374,67.45237012,164.1019014,6.48628469,56.24368893,9.050683495,3964.973947
Rice,East,West Bengal,743.3166655,24.65485044,73.41091137,161.121967,6.35998323,55.00202549,9.248972281,4310.725631
Rice,East,West Bengal,765.4301984,25.72113967,70.64554717,167.3427008,6.48914528,55.50531923,8.424200792,4050.507451
Rice,East,West Bengal,784.6349928,25.04849262,73.35296837,167.2561301,6.396344635,54.41845816,9.103187445,3889.493038
Rice,East,West Bengal,722.8703459,24.77031531,75.52169904,168.0833199,6.404398677,55.11945073,8.794200317,3788.639503
Rice,East,West Bengal,749.2136089,24.72794767,71.52787269,163.4453124,6.430494002,55.92014707,9.058984623,4152.370266
Rice,East,West Bengal,786.4542523,26.28230591,73.02372536,160.09606,6.436997203,59.35949476,8.968421208,4237.588872
Rice,East,West Bengal,721.8607073,25.30750197,74.71040302,166.3214511,6.465689109,55.96905672,8.726404915,3917.961014
Rice,East,West Bengal,721.6829007,25.3228456,74.944888,169.3639371,6.418150214,52.55784496,8.828319285,3766.250017
Rice,East,West Bengal,789.4133313,25.64976672,70.82850458,165.1489808,6.367992277,58.96748782,8.75303782,3740.115761
Rice,East,West Bengal,706.1771621,25.9815281,71.87613977,157.855477,6.459461323,57.33449029,8.894356424,4154.648937
Rice,East,West Bengal,776.5634008,25.50628646,70.92155967,169.0899077,6.419818348,56.33949554,8.730700439,4041.192135
Rice,East,West Bengal,741.1125279,25.93880801,75.89388829,161.6958288,6.321350537,53.89490562,9.098859765,3988.209671
Rice,East,West Bengal,756.7780655,25.69454372,73.97071982,160.7544757,6.415283278,54.53749086,8.720468123,3854.376885
Rice,East,West Bengal,750.6148138,25.9707021,73.47091159,146.5581735,6.359617472,55.21686005,9.201012408,3787.999609
Rice,East,West Bengal,764.0699155,26.89701819,70.37406294,166.9698761,6.359886408,54.99073252,8.739377833,3840.221404
Rice,East,West Bengal,828.0478037,26.50667352,75.20347572,167.4599674,6.319687161,56.78991594,9.114585923,3821.990079
Rice,East,West Bengal,784.1331667,26.42260173,76.70408009,162.9110849,6.345119451,55.27674378,9.187114199,3675.739118
Rice,East,West Bengal,708.2906071,26.05363717,72.11482141,165.0386395,6.447265589,54.89486131,8.525398834,4256.672234
Rice,East,West Bengal,735.0692928,25.36457773,75.20744003,163.0775544,6.396830507,56.96558025,9.116716621,3899.980896
Rice,East,West Bengal,797.9988001,24.71852009,74.51957447,160.8023622,6.468613566,56.28408896,8.765418934,4049.426164
Rice,East,West Bengal,782.3297087,26.38513647,70.94060752,162.5799144,6.399796358,55.91748069,9.049949095,3647.764815
Rice,East,West Bengal,768.3581764,25.82601119,71.32299877,161.2875661,6.389273117,48.79782979,8.759742086,3818.627776
Rice,East,West Bengal,773.3195802,25.51668399,72.5697724,172.7113831,6.449717576,57.8045428,8.800025514,4031.454842
Rice,East,West Bengal,754.152555,25.88234407,73.81937069,162.0150321,6.474650155,55.67973972,9.023672113,4168.340072
Rice,East,West Bengal,785.7913444,25.15464854,73.88979179,169.253597,6.444593151,53.77341033,8.768592953,4099.183735
Rice,East,West Bengal,740.9559907,25.82018237,76.15175162,164.7610037,6.363661293,54.24476529,8.966543866,3750.027799
Rice,East,West Bengal,753.8166009,26.19993832,75.59829964,168.3377404,6.364296744,58.35683864,8.840096992,3764.644547
Rice,East,West Bengal,755.698966,26.86290152,73.3304801,165.0626093,6.481860582,53.13729031,8.642880177,3707.623029
Rice,East,West Bengal,769.3162047,26.09989588,76.08547273,166.2173754,6.379792142,56.00358975,8.923541484,3699.235809
Rice,East,West Bengal,827.7582911,26.31192261,73.42001662,168.0758199,6.435470549,55.71889303,8.773751773,4039.917603
Rice,East,West Bengal,769.642771,25.51406594,75.83807122,166.4667602,6.436490968,58.78384178,8.904377764,3997.542801
Rice,East,West Bengal,780.250681,25.56508335,73.10810333,165.6277429,6.352197072,60.63527358,8.618541311,3755.284414
Rice,East,West Bengal,792.8556644,26.42795975,70.94807037,168.0364451,6.473392522,55.93947388,9.41976458,3691.390728
Rice,East,West Bengal,777.3455863,26.699917,74.7826878,163.9782214,6.385477926,56.88829034,9.063150897,4040.371015
Rice,East,West Bengal,786.0014473,25.38867803,72.54445804,160.2999203,6.380694361,58.03044178,8.921596784,4341.028874
Rice,East,West Bengal,764.8351592,26.03581513,73.21236584,161.8109565,6.397108169,58.25557605,8.922794134,3830.981041
Rice,East,West Bengal,736.8728845,25.72987887,73.14772687,170.9679327,6.332975568,55.36034744,8.928862004,3674.944135
Rice,East,West Bengal,739.1600429,25.59206688,71.40805925,165.9594477,6.39197202,54.88942779,8.985592525,4208.461208
Rice,East,West Bengal,800.9814129,24.84633694,74.15414437,164.1098835,6.407757767,55.20343393,8.923517726,3972.711109
Rice,East,West Bengal,745.5262061,25.46217947,72.10260863,166.1712963,6.429949817,57.70669795,8.801161995,3992.576685
Rice,East,West Bengal,784.0625648,26.69935694,72.88233429,163.8953414,6.409556212,53.70058505,8.861278098,4061.68796
Rice,East,West Bengal,776.0486782,25.83783944,73.4354364,160.8767483,6.435174607,55.84435713,8.84480971,3895.741425
Rice,East,West Bengal,758.4276533,25.73127341,74.31628607,163.0235823,6.479648205,58.93042101,8.721691302,3960.45564
Rice,East,West Bengal,743.7335845,25.80401146,77.00485494,163.4621429,6.418011302,57.08264259,8.699874126,3821.735679
Rice,East,West Bengal,729.8494407,25.46841756,67.29993978,167.722912,6.502709692,56.29564148,8.616746228,3853.583543
Rice,East,West Bengal,748.5280789,25.38944913,74.72036528,169.0513002,6.34222741,57.45016209,9.205362533,4235.383731
Rice,East,West Bengal,831.6303006,25.45880441,78.64844085,163.2289681,6.370376727,56.65414475,8.783587733,4009.856621
Rice,East,West Bengal,726.9980703,25.85674844,75.57116447,164.7146935,6.407079789,56.95051721,9.134132326,3701.716293
Rice,East,West Bengal,774.6131013,25.83911652,73.33327579,170.2997508,6.340290667,53.97471112,8.512914008,3867.626159
Rice,East,West Bengal,793.2608086,25.92764769,70.31975021,162.5716063,6.325606915,53.7496278,8.977763782,3773.919001
Rice,East,West Bengal,787.8158576,25.95732783,73.17118941,163.6081352,6.438642392,57.56631978,8.96701087,4034.718366
Rice,East,West Bengal,754.6977583,26.3253218,72.32424445,165.0111581,6.386267813,55.08556292,8.76217764,4020.153516
Rice,East,West Bengal,792.7651478,26.70266118,70.48686933,171.4460153,6.384092075,57.20146603,8.718756934,3971.296987
Rice,East,West Bengal,767.8430796,25.10923712,74.21653433,171.729675,6.391267603,58.72033626,8.862061301,4077.43768
Rice,East,West Bengal,704.5357509,27.45126667,75.99091649,163.5768725,6.301395549,56.57605674,8.611214891,4016.728031
Rice,East,West Bengal,770.289143,25.4351581,75.24193405,169.0278735,6.448791167,56.01771541,8.616895187,4096.680841
Rice,East,West Bengal,753.240715,25.16613191,75.70407873,175.4970376,6.397937594,60.31824231,8.918262946,3892.931614
Rice,East,West Bengal,744.2385386,26.98224944,71.43971224,168.6763465,6.372041808,55.07938647,9.106049939,3892.994473
Rice,East,West Bengal,749.8801155,26.67968282,76.19479459,168.223449,6.367261511,54.978783,8.915983053,3998.139509
Rice,East,West Bengal,735.3033522,26.43382276,73.17102666,156.4214584,6.353553676,54.99174265,8.885428462,4233.391819
Rice,East,West Bengal,765.9542827,25.49553687,73.44126161,163.2395613,6.416237912,57.16113537,9.141846129,3946.357026
Rice,East,West Bengal,800.9740132,26.5448136,71.58512091,176.0492783,6.416349726,54.32975099,9.23058261,4261.666638
